word	x	y	nearest
pardon	-12.5193161297	78.8783834136	0.655
similarity	30.9641389026	16.4078236923	0.327
yellow	48.9861492879	10.3014132982	0.358
sleep	79.2850727284	6.176620377	0.315
mansion	16.4333863722	-49.0611563552	0.293
woody	30.336680169	-71.1804850354	0.299
appetite	16.8011916281	-42.0587854712	0.267
integrity	40.9223732648	-49.5589935323	0.256
increase	46.5750553551	30.9283684274	0.461
seduction	78.2073500029	-15.088893472	0.230
investigation	32.9931954679	-56.1174948228	0.296
lord	43.1897030874	12.8164990036	0.370
sorry	8.3882059551	-50.6619221163	0.330
pride	-72.111280245	-28.1169080994	0.973
worth	-75.1116182423	9.57563323398	0.953
conjecture	3.2289050897	-36.0260313056	0.283
risk	13.2976849778	62.059946057	0.641
compassion	-77.497351961	-6.00335163395	0.961
rise	53.9616967289	57.8206176066	0.511
gratification	-18.6111274038	-84.1926208996	0.495
despondence	37.0366115212	50.6444029645	0.503
utmost	-82.4238220885	11.829760825	0.947
fireplace	20.580399406	-66.467779949	0.316
chapel	44.1710219078	-28.7024942865	0.276
school	-6.26961279009	54.9411770176	0.583
abhorrence	16.5219362267	-75.8387280986	0.454
frankness	-5.50086043165	-60.9675031435	0.361
convenience	-63.4308651736	36.299658521	0.915
succession	16.7951120345	-69.5032031659	0.403
whist	57.6764615925	57.0259662489	0.476
triumph	39.9121743586	-75.5381948797	0.283
enjoy	-17.091547586	11.9622642307	0.285
farmhouse	15.1369846272	-51.6290002889	0.260
card-table	43.0602325489	-44.7469558679	0.236
force	5.96815911947	11.9250807489	0.333
self-gratulation	-0.195275790551	-49.5207490742	0.239
street	-75.4502269565	8.25441905242	0.951
emptiness	23.0809368672	-2.06162776373	0.243
worthlessness	42.7727290282	-38.6776032469	0.226
liberty	-23.3157426811	62.4164241443	0.725
conduct	-85.3478051779	19.2349388094	0.943
admiral	20.1459618308	82.5300588045	0.667
inducement	55.6251104524	-3.72127425434	0.317
agreement	-36.3191521687	-88.9050843728	0.647
repugnance	-4.05666273535	-10.6931056772	0.250
gayer	54.0864960286	-24.825932498	0.266
met	17.7381311904	71.4530689792	0.650
protection	-49.6066853414	-93.2113401385	0.788
pursuit	53.4197814193	-29.1432004293	0.250
humility	24.9468564078	34.7811330206	0.502
path	-8.08735077865	79.0631277028	0.711
shortness	-9.21887354494	87.6645968486	0.758
property	-23.6043056939	75.8267788226	0.738
daughter	-80.0203069652	25.3613783947	0.927
unwillingness	14.746634842	-19.6621394377	0.226
study	-14.8826875004	-91.5406257605	0.544
ridicule	-35.0043511297	-80.9197766498	0.641
yarmouth	2.50578878279	-88.8905770038	0.548
credit	-38.8286907125	66.3972037778	0.819
guardianship	4.96101140928	-16.0961504977	0.262
punishment	40.5687845689	32.498483876	0.435
verdure	40.3267140094	-8.43225936655	0.297
secure	7.6445120448	54.1025332994	0.490
marianne	35.7666988315	-54.5574015382	0.263
summons	11.9995013875	-61.8375705288	0.298
county	66.4885015975	23.3104133455	0.278
patience	-75.5061394395	21.5210780815	0.938
glance	-40.9359358865	55.7830593291	0.850
total	55.264319456	5.16014696533	0.239
ebony	19.0671530203	-52.4526321948	0.327
army	49.8428140087	33.3487531839	0.290
agitation	-8.90165459147	55.8543528708	0.722
lessening	45.3917867291	45.8753273378	0.420
music	-73.6140659183	44.0745788177	0.909
calm	-21.8139334092	-21.8356913943	0.318
tradesman	20.1632385008	28.1761129921	0.383
city	16.7469302791	-32.2494173252	0.229
grief	-3.60382170208	-74.174307703	0.439
glass	54.4738152191	24.6846844643	0.320
ill-breeding	-5.45107857175	-61.4621784469	0.342
midst	11.0904346884	92.3329262166	0.679
copse	-3.6360027017	-45.02299429	0.315
word	-73.4722382991	-13.3414811183	0.969
room	-75.5424762207	-28.0744018055	0.973
err	51.2756184765	-52.0853933087	0.229
shame	-76.6864536075	10.8099072026	0.949
work	-85.5029605439	10.4247307294	0.955
worn	15.9441987127	-22.6386212141	0.239
example	16.5173485379	10.6163559418	0.337
quarrel	16.5591062799	79.439553155	0.685
estate	-60.9154033909	52.6867605547	0.871
give	-31.983891424	70.6278158031	0.798
household	18.5367386633	71.2845094507	0.545
assent	60.8294563439	30.8033254234	0.412
unpretending	20.7587300358	79.8229183942	0.671
caution	-71.5847603502	16.1166332997	0.941
want	-73.6282183957	17.2061642003	0.938
ceremony	-2.01695128621	-84.7001367866	0.539
end	-80.6848680024	-45.9743569114	0.984
recovery	-16.2206583054	67.5736754307	0.803
turn	11.6125905034	-49.6769819336	0.281
agony	-33.6958360305	-76.4177958032	0.597
feature	11.0898103569	-88.7316030255	0.318
stupidity	-22.2647570153	72.6166677065	0.750
answer	-80.4005710862	-47.1272487212	0.987
gate	-47.5557696557	70.1274066261	0.829
resignation	34.9546267182	55.3932753973	0.544
gaming	49.2597628558	-46.195103756	0.229
despondency	-19.6469795201	-72.7276320616	0.494
description	-7.73596926083	84.3375252081	0.730
beauty	-76.0213257932	-20.7591881761	0.976
lad	44.3890072211	29.5055754494	0.317
indignity	9.06325358651	-30.0906280377	0.216
multitude	-2.42857998687	18.7465043455	0.322
curiosity	-51.0986980689	-99.4533444122	0.829
law	9.4684001714	44.6117098017	0.446
arch	0.589987572035	41.1758853102	0.567
severity	18.1397834127	22.2930470951	0.404
purchase	37.0621258208	-76.5502951262	0.308
attempt	-77.3849742785	-8.23793744572	0.967
prepossession	76.7018932812	10.5981078954	0.254
retort	24.6609144615	-68.0773879358	0.310
neglect	49.0483005393	27.6557887541	0.463
wink	-10.7111356422	-77.1440595942	0.462
haste	-51.0834940517	-101.497554679	0.844
order	-63.8855786178	30.1174770239	0.910
wind	-65.4986867643	46.3099401472	0.888
wine	3.09669339081	-76.0760925622	0.445
modesty	75.7357753079	-5.62544719944	0.283
interpretation	7.92071161324	-23.2138850796	0.236
office	-7.74189439376	92.0648654559	0.762
consent	-76.4078823078	-15.3678581067	0.967
concurrence	41.6230371035	9.42013294236	0.248
fable	-26.2691127922	-50.5276575377	0.376
misconduct	42.2649402282	11.7607977676	0.422
wickedness	49.0415288402	32.5136586667	0.370
austerity	36.725399354	-54.8492844749	0.227
fit	25.1173230013	-53.1085704111	0.335
hypocrisy	9.49244734181	-22.4086211568	0.216
writing	24.4112800797	68.9667960443	0.631
plantation	13.7699365234	-71.069375839	0.451
overcome	66.8354211897	13.6098139728	0.317
coffee	29.6701815193	20.9894959789	0.345
breakfast-room	31.9773902754	-13.5111606495	0.325
weakness	-17.8343121453	54.2340801059	0.756
heaven	-42.3298834291	-96.8593143379	0.729
penetration	51.1561356967	-0.436539410283	0.323
beaux	48.5565084117	56.9826241932	0.456
cautiousness	-22.4084250265	-89.4181657919	0.602
rumour	27.5057863467	50.1359124581	0.538
gloom	22.7652017311	35.0560856133	0.398
meat	-35.3169012702	-74.8020821275	0.602
discomposure	75.6395231872	22.9946932654	0.280
mistrust	43.9276563571	-31.5690400543	0.224
good	-53.7101959396	56.499244402	0.858
victory	12.9314206255	63.8899311164	0.609
side	-72.0384902797	-12.9751218601	0.959
bone	23.3232752814	-7.11178089809	0.241
lasting	37.2319424847	54.6824049846	0.660
interruption	3.4569128567	8.31513099918	0.304
taught	27.2686369451	-50.4093616565	0.317
fortnight	-82.0506005014	-2.18804697334	0.961
message	-47.5436113539	70.2268076383	0.837
whip	22.976795163	-0.795946077803	0.263
misfortune	-21.5175562962	84.8752670325	0.748
safety	4.0114726744	83.4643562116	0.590
remorse	-4.56721361804	-53.427032298	0.299
self-deception	-10.1681723068	-8.29321773107	0.248
reader	-20.5355520001	87.0949429792	0.731
surprise	-78.3708832594	-46.5507065967	0.987
independence	24.8441191924	75.2071295905	0.633
foundation	28.2776723321	-38.9581212875	0.319
associate	-8.25639190306	-43.2330178496	0.259
revenge	-14.4851896402	-53.5661552298	0.490
formation	4.92047724627	-33.3339667691	0.285
rain	9.54490853129	77.5973457611	0.687
amazement	-9.15115825402	73.2169213769	0.755
mistress	-40.8323700449	76.0346565626	0.808
shrubbery	30.1847117058	73.5337323635	0.598
needlework	17.6804532716	-71.5294057318	0.367
steward	-42.9711232458	46.1979313479	0.850
caprice	-5.97838839167	-73.3174411118	0.472
penury	13.0170327878	0.300280658758	0.294
decency	54.6795934591	-23.4669789064	0.232
accent	19.7762407515	79.3782302273	0.675
rank	-43.4747765262	-93.0468484028	0.766
hearing	-73.1542568451	7.53150827014	0.956
peculiarity	27.4426607475	89.7957937703	0.602
service	-58.4846390663	54.7063003225	0.851
bequest	17.1904317976	-74.146255426	0.366
top	53.0216082648	-25.1367242066	0.265
infancy	-21.7976922549	73.9465551876	0.761
master	-42.0599813728	68.6110403564	0.818
ceiling	-11.6361785457	-24.6516932485	0.235
gentlemanlike	-25.1394442528	64.1462736179	0.791
wisdom	39.5096214943	-46.6214877918	0.232
symptom	38.4451941005	-71.6250929244	0.275
distance	19.6508782279	62.8870473034	0.502
anxiety	-58.1128753523	43.0362121978	0.898
exultation	-0.69216579756	69.0152995926	0.685
bitterness	19.3796190866	87.9487076317	0.668
project	53.1951866488	16.9049301916	0.437
matter	-67.0895759275	-21.5214746095	0.971
idle	-1.78553248706	39.3421846656	0.461
guilt	-46.8489723345	59.5138958274	0.861
speaking	-68.0500407211	-19.2973172137	0.974
barouche	-41.8120891422	76.417915317	0.831
mirth	7.63214145068	81.5766057624	0.657
feeling	-71.795532321	-35.4593822594	0.980
acquisition	-30.5086590133	80.9642395319	0.792
bridge	11.4017833126	72.9177940326	0.653
fashion	46.1794228468	68.1780121069	0.531
handkerchief	-27.9045938471	-86.9363560256	0.616
rattle	0.0278910757785	-47.8126522173	0.257
mind	-66.7121189767	-26.492217944	0.951
mine	75.0548759539	9.98429206502	0.350
manner	-67.5989995709	28.726440633	0.917
dozen	-25.6469024524	-85.1476760471	0.615
strength	-73.029420425	26.9984587173	0.925
hymen	42.2710736303	-22.5581446904	0.230
elegance	-68.4791841679	28.8672719838	0.916
niece	-47.0270486374	75.0196793534	0.854
impediment	-6.90647454768	68.5124536623	0.690
imprudent	75.6426258811	-5.51030739383	0.343
though	-56.5282271039	52.4272130907	0.866
object	-72.4845722492	-19.5838758079	0.974
mouth	18.4337183033	-82.7913374676	0.380
letter	-88.418802172	-56.8930018167	0.991
proverb	-27.3721810409	-85.6958376088	0.619
inconsistency	11.284729579	-89.0112666147	0.304
morality	56.8888674563	18.0877048418	0.394
constancy	5.3099116869	19.8485638899	0.322
observation	-52.5263934466	-99.9110566119	0.851
grove	28.8262111359	59.7103364503	0.528
alarm	-80.0217992242	-5.93157263663	0.966
clock	5.9038305669	78.9154447387	0.681
flow	6.41861275332	-72.2493887792	0.319
reputation	29.7593005042	-69.884425388	0.292
aunt	-93.6380637989	-61.1736722555	0.992
principle	-53.9651886006	68.9762791109	0.859
notion	52.2845423729	25.1873969806	0.314
urgency	-4.70906363569	9.63643496959	0.337
reserve	22.8424012881	40.1797534941	0.387
rapture	34.2758871385	46.4493969042	0.557
visitor	13.8903724278	38.8752738512	0.408
dupe	5.6489903075	-13.2270103991	0.230
brilliancy	-40.2575918066	-82.2859033468	0.674
uneasiness	37.2091650879	-54.100174186	0.229
rector	13.1751868238	61.8002233357	0.658
nephew	-71.7488727365	30.1929347468	0.931
four-and-twenty	24.441165528	25.0487513573	0.264
adoration	18.9313843397	55.389523536	0.448
resemblance	-41.8705628289	-90.1453368456	0.727
spite	-74.6035589117	3.98640026343	0.961
guidance	40.0169843591	23.0392867028	0.336
refreshment	-22.4181498513	-98.2384054103	0.661
door-bell	9.64878636148	-75.2412632758	0.473
bliss	10.796347269	12.2557993867	0.363
disgust	-43.3272234605	71.1159110952	0.826
lodge	-21.8984884519	-43.113273551	0.256
dullness	64.6377979483	-11.1897375698	0.242
plate	57.8699542839	-45.4262808531	0.266
mixture	39.1029528495	67.2017747836	0.612
stop	7.95553629142	-16.5681646216	0.220
leisure	2.67521236184	10.3764381095	0.306
degradation	-10.6282155808	-52.6030855904	0.393
pocket	42.5406000877	13.870817393	0.325
wedding	-74.7506095522	26.5916582585	0.924
report	33.3191837284	61.107935644	0.556
dressing-room	-50.45607939	55.0746095535	0.868
earl	32.4992610862	39.5478592559	0.558
method	74.2935188398	20.2155897969	0.298
troop	30.5279823405	-17.1687537642	0.231
release	67.053922292	13.5911853525	0.344
elopement	-5.1307292676	-9.46088304677	0.306
penance	-24.5781651793	-82.5558725553	0.549
observer	10.3112715958	41.1854757613	0.431
habit	26.8264570759	55.0590225953	0.527
expediency	14.9905996893	14.055967123	0.428
detection	-1.76355958541	-38.3867977081	0.394
result	-13.5980992457	-57.7595149524	0.400
half-an-hour	2.36122552732	37.353806834	0.477
best	9.75858874988	-66.993406454	0.309
subject	-72.6801907119	-33.7242546094	0.979
diffidence	47.2287486111	-0.310525065449	0.323
gentility	5.88346229817	-78.3668165806	0.347
capacity	32.7542915651	-49.8281977209	0.304
playfulness	31.5446299125	0.634870587873	0.259
temptation	23.1962114647	-4.56482465288	0.386
gentleman	-77.2632079953	28.8845030578	0.911
solicitude	-30.6004667367	-71.1944799424	0.614
mud	46.4090274196	9.37955151593	0.314
score	-11.4799367817	-51.6643598077	0.395
approach	-18.421671799	68.1942690815	0.761
discovery	41.2727429972	63.1060591577	0.589
nature	-72.4518255901	8.92902435562	0.940
confusion	23.6637786493	-85.5144682508	0.349
ignorance	-32.4895796566	-91.9396780509	0.643
toilette	-7.40214699732	69.0308239542	0.662
extent	-29.9783269215	67.4727345157	0.791
disservice	26.4675873594	9.83570578365	0.241
cousin	-78.1305592388	-9.74073695622	0.967
motto	36.631881523	8.56354023809	0.319
debt	31.2075591043	-14.4585850491	0.243
kitchen	10.5856656065	70.1311673291	0.693
pity	-72.3312290136	-26.8067057201	0.979
accident	-15.3736256473	95.2266200101	0.681
disdain	7.56514402879	-69.3407833082	0.406
country	-80.5251187907	-53.916453961	0.987
ill	-74.7743734028	11.4929892804	0.951
matrimony	-60.8143876183	55.3791014004	0.859
self-denying	29.7078559335	-56.5092610529	0.283
variance	16.0406506164	-39.9045014557	0.217
expense	-49.1524656825	67.1081150425	0.870
tone	-80.1575122638	18.5604023785	0.943
trunk	57.9152607248	-6.25328367506	0.297
height	48.3730592271	7.19347478585	0.274
comprehension	56.0951457302	6.63187575333	0.301
trust	-67.446949708	36.9859271748	0.916
longbourn	-75.6141068642	-15.4976717966	0.971
speak	66.931926477	-8.18978586467	0.339
gratitude	-77.8975288729	-9.16215073057	0.969
generality	7.48600685019	-42.6238704207	0.240
basis	51.0027066225	-17.9146216987	0.213
union	33.2466200305	-3.08834242997	0.328
commission	12.334492903	85.9664256658	0.679
interest	-74.1639072101	-40.4413169099	0.981
privilege	-10.0666741945	76.47948125	0.712
warmth	-71.8844106314	-18.5963780533	0.970
life	-93.8366810488	-62.5411729571	0.994
efficacy	23.3718695214	-60.6212647048	0.275
inattention	44.6550611641	-0.445874073492	0.259
search	-16.0973992043	61.0968946685	0.736
substance	-12.3590573291	70.4079010904	0.746
child	-80.9602734989	16.1110761939	0.942
exception	15.9190467487	-16.7661886757	0.259
apprehension	13.2049243868	67.9548202343	0.572
arm-in-arm	6.88080097696	-75.2997214563	0.335
twelvemonth	10.3293552821	90.500723738	0.723
air	53.2515073341	53.6057793903	0.500
near	6.83781263797	-61.9505923742	0.387
stopping	-27.5707822041	-87.7478311978	0.552
coarseness	24.6465039489	-10.6832277958	0.243
voice	-74.123983347	-41.7015448431	0.984
mistake	-74.9416235151	9.63380125698	0.950
congratulation	54.6965255193	-15.3836959865	0.226
soliloquy	21.9522498911	-41.7950665141	0.285
throat	21.4282008261	-25.6800572573	0.276
splendour	-1.78780896432	-36.9477229413	0.357
punctuality	30.7428653505	70.5151090443	0.617
descent	-14.5274374229	82.4429878198	0.761
parish	27.9815498176	90.3906939874	0.618
make	-0.270439757694	-56.8159371816	0.360
wound	12.3371951441	93.0273182679	0.679
agreeableness	-24.0121752633	75.998756512	0.760
harmony	17.7236597346	48.6552625807	0.577
unconcern	36.4838016395	57.2164910163	0.604
exertion	-75.2642477849	1.17051842019	0.956
fuss	12.8921169034	-81.6206080141	0.450
ill-usage	31.2365021541	-12.0259328553	0.231
evil	-75.6069571709	-8.01725489176	0.962
hand	-76.9549916329	-21.3844364372	0.975
delight	-33.9621884831	-76.5603234541	0.521
action	-15.780533503	-88.4664967966	0.495
scale	10.4780548625	-61.2978299573	0.348
supper	23.747361326	35.2774709909	0.409
opportunity	-78.4541135562	-7.38256835751	0.967
tune	36.7033248306	-2.60488210788	0.241
mischance	2.08330671616	83.5763974878	0.625
narrow	-14.3516946745	-94.9505522017	0.526
incredulity	41.4177076528	31.4911451901	0.371
intrusion	27.1963280477	-27.0038499584	0.248
suffering	-25.4888745345	62.2696177798	0.810
approbation	26.5134011484	-45.7419692642	0.226
maidservant	21.4504859896	-35.6259732807	0.262
mamma	-52.1310613888	36.8093870084	0.890
mother	-92.2763200294	-62.572119238	0.989
milliner	51.1526621985	-9.80559041733	0.244
etiquette	15.4281674483	-4.31068731929	0.217
consciousness	-47.2282239457	-98.4931702418	0.796
sentence	-30.0073398869	81.3115792077	0.756
warmest	14.7369576558	2.61428774742	0.268
repose	28.6068547808	54.521263641	0.565
farther	78.4108106118	26.3389441221	0.333
yes	-49.9053296786	39.152213796	0.884
emergence	12.6500206748	-56.8326551591	0.274
ham	0.926427363263	1.0804129476	0.252
mix	38.5881562447	0.867261160268	0.303
ease	-72.2562469676	-22.4578146474	0.972
character	-68.1105467741	-26.3510572723	0.977
advancement	-20.3752337726	-40.3456958788	0.258
ma'am	-79.9025222122	-7.08409565364	0.966
spread	40.0458458703	-6.71501839537	0.293
affinity	30.5161345763	-26.0877993455	0.230
board	-19.954973483	83.9240079015	0.740
artlessness	18.1620998759	-45.9955195475	0.268
vanity	-71.1107529145	22.994274009	0.922
hat	-1.88027569232	-83.2260432384	0.434
humanity	-11.3405724789	77.9662849497	0.707
desire	-48.0998695879	67.7877848687	0.857
solitude	-46.1327326371	58.4711093487	0.839
elevation	58.5618083323	3.74998039441	0.301
disagreement	43.6929848987	-42.7230704076	0.222
chuse	22.8286137779	-48.3053381576	0.257
birth	37.141055013	19.100918494	0.289
affability	-27.5959703575	-91.8048172819	0.591
judge	-76.1384506594	-3.34614684744	0.965
scruple	35.3980314107	-25.757850496	0.221
disadvantage	36.919863913	-3.1879813363	0.248
shoulder	-42.0966804588	-93.0260427729	0.759
dignity	-4.10542757473	85.798610797	0.700
gift	-10.2319530407	79.0415228911	0.736
disinclination	64.4994445064	0.538398789424	0.313
quadrille	66.3601070075	23.36421639	0.319
pavement	26.0846158258	-40.9172092775	0.262
officer	8.85787225871	-75.1112778713	0.443
night	-82.0177552539	15.6048582397	0.946
security	17.5630401693	72.2974861073	0.632
effusion	18.7157192538	46.3408468717	0.448
attorney	25.5364522366	81.0011395942	0.600
right	-49.7802084151	61.2150461266	0.843
crowd	4.84808601001	64.2448732501	0.624
refinement	2.9698067948	-12.595309355	0.314
crown	54.3924166713	66.642728842	0.520
arrear	73.7602959625	1.00904633887	0.382
hall-door	6.22942640362	-5.02189502154	0.249
displeasure	-17.3273388394	64.8666076424	0.748
escape	15.8805381262	88.4370001534	0.633
dear	21.430527024	-36.0357267653	0.248
tremor	58.0003475577	-5.60334998323	0.262
guess	-29.2704021849	-72.9380864501	0.613
sea-bathing	58.1117390376	-33.6730556298	0.256
rapidity	-10.1996444126	82.9851125701	0.728
proceeding	32.7417291404	13.0276299618	0.369
bottom	-34.6306546172	-89.0631721615	0.695
aggravation	-12.2162195692	77.356155383	0.758
everything	-90.6607913915	-60.0005732926	0.992
shakespeare	7.48224379558	18.6359186431	0.314
participation	62.4240991961	18.1917807523	0.418
payment	-13.1451759941	-94.2236700432	0.516
illustration	2.4965224833	-65.7713152996	0.272
mediocrity	-16.5736220391	8.13397040101	0.270
post	-53.9501502603	68.9779462602	0.838
uniformity	67.5659088761	-24.483556941	0.254
leave-taking	-10.9339213762	-96.0508781812	0.482
dinner	-73.0939627128	-38.9313421674	0.981
despair	21.7052251768	-30.7732381049	0.239
cake	9.4725391428	77.7522077645	0.647
guile	16.708276924	-19.8510831193	0.250
duke	0.240018852672	1.15318426851	0.248
impartiality	17.5120602745	61.9802813981	0.634
presence	26.6093397355	26.475682952	0.256
puzzle	11.4801459331	-50.2205180652	0.277
profession	-76.6027231457	2.56363872615	0.956
son	-82.8842480756	-51.6971258543	0.988
furnishing	41.6737544784	14.0911569891	0.283
lieu	3.63734321318	-87.8963164088	0.533
deception	5.62058490493	77.7276448722	0.685
deal	-84.2041972171	-52.1438045515	0.989
support	21.327171059	-75.1362722083	0.359
jealousy	28.8456501332	-57.5613082125	0.238
personage	6.0289382822	-76.4649790804	0.366
class	63.060730955	40.5160662855	0.427
avail	-5.08057605195	-46.0348189848	0.279
derision	71.6266549727	-33.8747251268	0.259
vehemence	7.72047323385	-9.26061456507	0.216
way	-88.9533214161	-58.5651994339	0.991
greatness	10.9117674733	34.4267368518	0.317
call	3.74902228461	84.1950923685	0.603
inquietude	4.69226922492	-48.5943888735	0.331
head	-56.2724939742	38.4972013818	0.883
offering	33.1254939405	40.2842878082	0.553
offer	-40.1463017258	74.7893828435	0.774
fascination	5.67993932532	-79.6498602543	0.387
lawn	8.77062512785	61.6834999006	0.545
failure	22.4459268064	-55.3093565633	0.360
uncle	54.08077583	65.2217524031	0.508
self-command	52.1263906055	52.1116508112	0.519
minuteness	23.0047178996	-17.0199137061	0.238
continuance	66.8922376662	66.5242918326	0.507
absent	-25.6747339788	-77.0410522946	0.536
se'nnight	4.2343865668	67.820748711	0.670
pretension	29.3547750289	-24.2649796085	0.225
temper	-57.7517128643	35.1251662948	0.898
disgrace	-60.6037533767	61.2310663704	0.857
impropriety	59.4389230517	-47.0405143706	0.255
evidence	47.8848937841	-28.1466716396	0.280
postscript	11.7624191594	70.9041744632	0.611
exist	38.134311419	29.2407174175	0.500
accounting	35.8459701474	-36.1214420719	0.237
solicitation	55.6553580676	-22.3746139773	0.264
penitent	10.392965956	16.0682751421	0.376
meanness	30.5267224287	-26.4077679665	0.218
tis	-1.12610939121	-97.55685271	0.532
venison	-4.62340121578	-31.1374544505	0.239
littleness	-17.8106611926	2.95398019563	0.265
test	20.8985202932	-22.2605505341	0.253
roll	47.8302810572	-9.97755849379	0.285
evergreen	2.29552477765	-66.1933942577	0.367
picture	-54.1608106243	73.7192287835	0.847
self-complacency	9.85470169727	-42.3955557928	0.257
intend	11.5171783299	-34.9922604673	0.272
felt	52.4064020288	38.5568801991	0.389
partiality	-75.3577477651	19.9917634517	0.939
trepidation	-10.7702884627	-68.9604519593	0.364
journey	-75.6533837258	-41.8480578638	0.986
intent	59.0183446058	-5.0711967246	0.372
dissipation	2.19120627965	73.611510015	0.681
discharge	62.2950809115	5.51661829184	0.317
compunction	1.52065472519	-7.50222814209	0.261
to-day	44.6951363496	30.8854694308	0.371
apology	-37.701935222	83.7870617875	0.793
side-glass	-19.3989860807	-32.0696471596	0.225
interval	-24.775463748	84.193692737	0.788
reception	5.07025840045	-86.2166042388	0.347
time	-97.7282185785	-64.5002335862	0.995
intimacy	-67.1667460199	44.2641970457	0.911
gown	-38.6701304934	-83.8632040807	0.658
coach	-62.1503537054	49.6026645849	0.874
half-whisper	36.637984765	-38.0024677406	0.223
corps	32.0686567739	70.3067259265	0.546
impression	-49.4765463379	37.954233843	0.873
dance	-60.7159443219	40.0822985994	0.902
horseback	5.87404730829	12.2710514583	0.401
abatement	1.55718047459	27.9944282968	0.233
mile	-47.1506217563	-98.8620378422	0.802
battle	16.4322244934	15.6152149947	0.310
chair	-46.4741703631	-95.5765396269	0.793
varnish	-4.82996846862	9.62555198222	0.257
anticipation	37.6280741513	66.4306383414	0.502
father	-80.351916009	-14.5638146884	0.951
passage	21.7544451813	67.5205515683	0.660
charge	10.7594464283	-19.589838923	0.237
avowal	30.8501816247	-47.7519979416	0.265
terror	45.4209440476	69.1457145729	0.521
sing	47.520926252	-67.9226119534	0.265
advantage	-19.2358233299	-76.5771084816	0.579
choice	-69.3113063745	14.4909195289	0.949
congregation	-13.5072386592	-53.183165621	0.407
merit	32.7743901794	-42.1125363538	0.205
cook	6.79342881665	-25.2039480618	0.266
trouble	-76.3706587185	1.04180005617	0.958
minute	-55.1768921246	-101.18889313	0.875
brother	-97.1364415817	-65.6693109429	0.996
ascertaining	47.9685404122	-55.9144936465	0.252
leave	-71.5349141969	22.6649968247	0.931
excellence	16.0774319637	-71.6219303161	0.431
speculation	22.9853075137	21.1636158752	0.411
gentlewoman	38.9162596105	-68.6481730344	0.313
round	-52.8532813119	-100.857289977	0.875
application	1.47363322411	-69.1297515684	0.387
accomplishment	18.8781470267	-80.559472602	0.367
regret	-76.3894509538	-18.6579770752	0.972
sigh	-69.0708320084	29.3589980104	0.917
injunction	28.95515863	-29.0279563806	0.235
sign	54.6998717806	70.7605297036	0.597
cost	37.7234224506	-78.0767760564	0.325
talker	46.7299162886	64.018467602	0.480
perplexity	24.5897681338	47.0607316155	0.546
run	-3.29158711676	74.204865591	0.673
fear	-40.0488074068	48.7826767216	0.832
curse	49.1239048414	60.686726237	0.410
constitution	-2.19703758858	-19.8060029831	0.219
church	12.5078503148	27.115483119	0.488
assistance	42.2257448556	-6.64915057757	0.415
favour	-72.81052247	-34.0122462428	0.976
uniform	65.7673733597	-9.81287777482	0.291
business	-74.1512641954	-36.402033322	0.981
ill-nature	-1.56107210801	15.9508692572	0.288
reply	-38.7907525295	72.2625057163	0.812
appeal	51.743392173	51.2606771167	0.490
feebleness	46.378730228	-22.6071364624	0.304
muslin	29.521435676	47.4297205624	0.489
honour	-79.2740060387	-45.0439719702	0.986
clerk	3.16691073334	-14.3342145961	0.255
understanding	11.7510712817	83.7193807132	0.721
water	-44.9032102925	-85.8064476329	0.738
pleasantest	37.031445445	7.93172676153	0.323
address	-14.528972316	74.601659931	0.731
change	-73.5665260429	-26.0214420385	0.977
wait	-56.6568674715	42.7989941523	0.891
boy	2.82144063321	-73.2562395275	0.384
merriment	11.8089648311	-5.61760190319	0.228
parasol	14.6284652485	-8.24634510858	0.256
boast	20.0552136744	-63.3353649313	0.466
bow	14.9338626751	-59.8308413858	0.328
trial	17.4879152925	85.797230965	0.715
suggestion	37.3325483422	36.30040324	0.406
hospitality	-13.540810647	-83.6772878417	0.553
love	-85.6531325722	-50.9296318327	0.984
humour	-70.1021667248	33.1517191993	0.922
connivance	4.00314201291	-23.5854074383	0.238
market	44.7993518924	67.861102037	0.484
everybody	-14.6481467843	70.0953729129	0.754
wealth	-28.1631465289	79.5799351784	0.716
sake	-33.0349832291	83.8524361464	0.790
ingenuity	-0.568589964105	61.5379605857	0.668
visit	-81.2399244435	7.98423850254	0.950
vigour	44.1576513276	38.6216212362	0.483
wood	-27.0623994645	-80.7753313532	0.611
prey	15.6825705015	44.0513282303	0.469
memory	32.3620427334	41.3112302012	0.463
dismay	48.4006172777	-9.130324506	0.267
entrance	-66.0234636821	36.5844641866	0.915
sharing	27.4359032562	2.24203597989	0.303
condescension	-33.4277837223	-94.9194833137	0.616
altar	6.50527983852	-66.7703423392	0.276
repentance	41.4265573999	56.8245686014	0.522
envelope	53.9695207044	7.6262506952	0.232
breakfast-parlour	8.38554391077	-32.3998115991	0.265
clue	-12.180181774	-33.8696026309	0.225
virtue	-31.9313660156	58.8461406603	0.814
effort	61.7700725414	-0.889463961396	0.240
behalf	-36.7932160955	69.718001397	0.793
pretend	-13.311596994	77.2460455265	0.780
soul	43.9325337596	-31.6612431627	0.249
soup	17.735314493	48.6721023281	0.458
following	8.47047189722	79.8808126328	0.645
indolence	39.3948406591	51.226907852	0.497
laughter	7.12876998586	-52.2898261074	0.362
heart	-90.4340829179	-58.8939297703	0.991
performer	3.55786678792	-2.80038786253	0.248
nursing	0.909073139115	72.9332656894	0.684
figure	-47.5303482863	56.503283869	0.859
topic	65.7424608599	-26.6973674324	0.287
inexperience	46.9280764729	-20.1081481638	0.245
stroke	34.0255449235	15.3648581565	0.467
council	-11.4879688994	-46.1930582891	0.319
admirer	23.7636480901	54.5850494114	0.576
offense	71.2167308535	-48.3716996847	0.277
winter	-16.7210671834	17.1968853393	0.483
discussion	-66.5189534769	45.4468812341	0.906
mismanagement	2.74684816958	-53.3775856195	0.241
write	19.8184566946	28.7246454422	0.352
persuasion	-64.1855036991	39.7820059099	0.893
economy	24.0986652958	38.6099619749	0.404
staircase	-48.1893753023	51.5717793899	0.815
sacrifice	22.2223440406	-18.3640994109	0.232
spot	-56.3616549107	45.6611611269	0.887
accessory	-2.76665191994	9.83543920303	0.339
mankind	27.2743821443	-2.90423655766	0.278
date	2.26602895092	9.89361300433	0.321
man	-97.2719671691	-63.2096167813	0.992
stress	33.9992953838	-77.9449405582	0.312
remember	5.24468324934	63.77545185	0.633
yielding	55.0090229187	69.3023772313	0.537
propriety	-42.0677699177	58.7379125843	0.837
self-reproach	48.2924905304	56.7882404758	0.463
sedateness	75.4775797454	10.0859263605	0.310
deposit	67.2252069617	-26.945642696	0.249
representation	-17.7221359402	54.1578225942	0.758
talk	-76.6809569234	19.4721125903	0.933
sonnet	47.5852647986	67.8594039823	0.526
counsellor	56.7109382988	-37.4743217017	0.263
midnight	14.8631455342	-66.9658755783	0.375
stability	13.3286652369	-46.8961775016	0.262
course	-92.6499679592	-61.5930415704	0.993
pitch	20.3158836177	62.1034630176	0.625
cold	-19.9960139046	68.3242514776	0.787
worship	47.3165088293	-35.8605752855	0.253
tendency	13.4667340587	-51.7408196936	0.305
thoughtfulness	-9.45429741044	-97.9744237924	0.469
trifle	-52.9328276178	45.6774147641	0.862
group	-28.0309141003	-91.8396488316	0.632
solace	50.5968035972	25.4921100649	0.438
vicinity	8.86940307756	-52.1105439926	0.347
maid	-39.7346801706	-88.3274124994	0.734
window	56.7374342207	41.5397755422	0.342
suspicion	-33.4392418762	-89.2717550461	0.675
atonement	-8.30504937293	55.6637135664	0.670
petition	32.9279542246	-12.9319559961	0.259
correspondence	63.4726318819	-40.8163081257	0.247
equipage	-4.98446240323	23.6966108012	0.414
sooner	-54.0061641211	42.2948278333	0.893
liberality	-5.74959767068	68.7491382029	0.680
interview	-39.2128268041	-81.4566345011	0.633
half	-53.5058213867	-97.4921564666	0.769
courtship	30.1871339626	72.6931039623	0.636
provision	40.4690208989	-7.30694926479	0.242
hall	-13.7780066527	-36.6356943216	0.292
concerto	41.6597349752	84.9846402395	0.610
term	-3.37520947871	74.6525904092	0.738
name	-74.237271939	-19.0172493664	0.971
servant	13.2757743746	67.6006036796	0.610
drop	-17.5951425907	64.5417512163	0.736
xlv	51.0752962201	-41.2063620997	0.245
quarter	0.912560902674	27.5568527302	0.240
vexation	31.0215893638	-43.2449751743	0.255
subjection	53.2465727102	47.0432115706	0.536
square	-20.1885651946	-74.8129380981	0.542
gape	-14.2997955741	-15.8080560606	0.260
receipt	18.2176827964	11.037205554	0.255
prompter	30.6518594601	-8.15981944631	0.335
farewell	-3.96154143093	82.2364632308	0.724
apothecary	12.024421548	26.5685183395	0.472
year	-72.8518698256	-41.7397981312	0.980
girl	-83.6160563186	-50.6066874928	0.988
neighbourhood	-4.35448800578	75.9210610588	0.672
exclamation	20.153907896	57.0505934549	0.514
living	-40.7744232964	77.2240051881	0.833
circumspection	-4.65858012932	-10.2173446902	0.269
intercourse	-58.0460474958	33.0106503343	0.897
space	6.26274786808	61.9556703031	0.596
profit	-3.73072105514	-30.7837597542	0.234
interference	-19.8318748693	76.9275661816	0.790
liveliness	-6.79631840547	-20.1215629639	0.396
mess	52.9727300734	-17.6896396302	0.204
stuff	-31.8760898904	-88.5657730603	0.629
housemaid	48.7854960755	24.3873186967	0.425
assurance	-57.5610071336	43.7284816661	0.882
fellow-creatures	29.4006122154	13.0031704342	0.311
delicacy	18.7240705256	40.2809400716	0.408
possibility	23.1863705202	70.7856600725	0.627
disrespect	20.2922746713	-63.9851543251	0.307
bandbox	1.32375024106	8.4417305749	0.289
obligation	-38.9810114313	72.6733121215	0.811
cough	-10.7815894677	-51.8945206022	0.347
remainder	51.45221567	9.76288346645	0.442
card	-76.814913211	26.1866300764	0.936
care	-58.9487681209	47.8107610637	0.903
patronage	17.7712414774	-48.3778520777	0.303
advance	15.339173216	-53.7804702913	0.311
contemplation	-71.2102542879	43.0726647567	0.903
language	0.765053497654	-42.5672055673	0.214
waiter	-1.73980706642	-38.670655797	0.256
transition	47.6478233069	60.5864732918	0.409
motion	-38.7780685781	-96.4001131288	0.732
thing	-91.6098683264	-58.9876803249	0.990
place	-84.2586510453	-54.7760207807	0.990
invitation	-81.1232121638	-0.0417702792444	0.960
thankfulness	51.7008672534	-45.948109554	0.357
promotion	-22.1552213241	64.5878365854	0.805
view	23.4581588886	-86.4683742356	0.379
childhood	23.145686339	52.1067763184	0.482
emotion	-72.3442712154	37.2349617157	0.910
cheese	-10.2682013901	-75.4385217507	0.433
dwelling	-24.4159664623	84.346847112	0.786
well-wisher	-0.706422927298	-68.7798759285	0.384
one	-66.9611619413	33.2166784904	0.909
self-denial	42.8299664722	52.3172408175	0.582
ring	21.8250657197	84.7840259349	0.599
forwarding	17.0373800185	86.964746583	0.678
size	-33.9158067785	58.8882796231	0.817
gig	42.353823304	-14.525665434	0.277
little	17.8900656137	-40.3270772744	0.251
sheet	62.1703685176	-17.9162686806	0.252
convent	32.3695954355	81.1006562051	0.677
anyone	13.6275064789	-75.5016535537	0.361
friend	-96.1488014286	-63.5279002023	0.994
hug	-3.04616343967	-35.2544962401	0.281
reverie	-6.4032896434	12.9277137329	0.447
season	0.288906303496	60.4030687594	0.638
copy	61.9289312769	-17.9060006926	0.256
folly	19.7397406843	60.9319967437	0.537
discernment	-28.2063765269	-85.0979878081	0.611
casement	0.879110674418	-1.49266927279	0.258
future	-80.6496175419	11.7967572067	0.943
venture	44.6050043618	53.5682209555	0.639
oath	38.1478935553	7.88114901452	0.271
respectability	-37.3454865306	70.9879529941	0.787
prospect	-19.6383346961	78.6459145866	0.776
illness	-33.0280134695	84.0199308476	0.790
angel	-7.4018765728	-70.6760528432	0.426
revolt	23.1992801346	65.5154707323	0.619
argument	-24.7975542034	64.3695519895	0.797
suspense	-18.9702228618	-88.412032967	0.574
rent	38.8552376358	-70.0161861117	0.305
anger	-79.9830489479	-1.17146408564	0.957
breakfast	-17.5130708088	76.7020907747	0.727
self-consequence	-10.3056553414	-77.3100718269	0.477
sat	33.7963751524	35.1206163731	0.468
prosperity	11.3441745447	71.0843540443	0.661
sport	7.66784165457	-62.2715474777	0.439
form	-31.3888399151	55.6757176526	0.832
diligence	47.5745417644	15.1284108667	0.246
note	-73.481696212	-2.83614799933	0.960
dining	-46.0276627485	-96.7098066478	0.788
emphasis	44.0269570506	31.0804366917	0.385
animation	-1.37877507392	-82.1045673901	0.419
performance	37.6138218625	-14.9336923365	0.312
wonder	-69.6330829132	35.0956333686	0.914
good-nature	-28.0540492678	-67.9687906533	0.582
frost	36.9584368093	64.6700303041	0.464
pain	-77.3125113927	-41.2456609589	0.981
trace	-35.8314721331	-82.1211137164	0.652
syllable	2.62857098499	-53.9987431647	0.382
price	-39.7356675875	56.3214516957	0.832
unkindness	36.5044006178	-75.670956857	0.242
satisfying	77.2783872974	10.2064764783	0.280
entreaty	4.56417069815	20.933791834	0.363
pair	25.7033351531	-16.6869350883	0.215
annum	64.6744252837	-7.94328545125	0.250
billiard-room	24.4921275328	34.9431474701	0.456
drive	-46.6863772251	74.7876796521	0.838
deportment	-1.4815210847	-77.7141559652	0.446
hear	36.7314556027	34.1996071165	0.401
ordination	17.2223335986	-56.1281727183	0.327
quantity	45.2865516932	-26.3332991234	0.305
slope	-18.0964322223	-82.3288691333	0.549
walking	-78.9494853386	21.5748626451	0.933
show	66.8965031845	-29.6491430922	0.235
supposition	63.1444834632	-42.8160929133	0.328
veranda	48.0456685907	-45.6588675366	0.259
trespass	19.0644746743	-10.9972292242	0.241
hack	45.6972549641	-36.5429084159	0.216
corner	61.4954090069	30.64424359	0.415
ground	49.5462299158	-63.3871840619	0.276
title	31.9848441445	-13.5512974103	0.325
treasure	25.0991078686	75.2538113478	0.599
proportion	25.0282968544	30.5062696457	0.475
obstinacy	42.5958641585	-34.8276879575	0.247
manoeuvre	56.939745163	8.93080800469	0.281
stain	6.15251673898	-35.5943355702	0.237
dispute	26.3010552462	-44.5978231351	0.249
exaggeration	47.4473233654	-19.9385901844	0.239
incivility	17.8349061656	-45.5034797905	0.276
assistant	43.5537242374	-2.54992800073	0.248
expectation	-71.8326051219	-30.9372278218	0.975
grave	61.1201479116	40.284078022	0.463
slyness	29.8829200114	-35.6208008717	0.224
lowness	-12.4650294438	-93.4501169561	0.587
hedge	-16.6499391514	-67.9375299931	0.519
stroll	21.6226406263	66.2129937099	0.605
man-servant	32.6960621745	13.75853632	0.460
resource	66.3803530804	-26.7228937131	0.230
yield	46.497003335	20.1622245708	0.381
morning	-80.3329610173	-52.8743204255	0.987
landlord	14.5325471779	75.7747991196	0.666
husband	-72.3835157779	-36.0242743983	0.981
seat	-3.27089258484	73.694995416	0.705
unfit	6.01605179221	26.5820076335	0.433
salutation	47.9559246126	-5.99485104092	0.312
asperity	50.8854639727	-12.3932302758	0.226
concern	-57.9300448249	60.3420653796	0.862
mutton	-25.8802564357	-77.8897068979	0.549
review	-35.7777795087	52.1001765818	0.830
ornament	31.5096869876	8.19248478547	0.322
cheerfulness	-21.5578283179	-98.1362553923	0.543
enough	9.01303010526	-9.68968985245	0.238
complexion	-29.3472165372	72.102568387	0.761
reading	26.7925499805	26.6757054988	0.299
arrival	-81.850160399	-51.9793566111	0.989
notice	-77.3542943852	24.4092348599	0.937
parent	-15.8476382515	-74.9400394385	0.490
screen	-1.81020498892	39.7536753609	0.544
blame	-0.642673690715	36.6423166626	0.590
countenance	-75.4976032626	-18.7885434054	0.972
article	32.8325848235	72.9577720478	0.634
come	-1.18208030161	62.1036887662	0.660
destroyer	22.0110776266	-64.4443349006	0.219
residence	-42.9731026634	70.1297627461	0.805
reasonableness	44.4385977386	45.9275515267	0.411
tour	28.850500175	-57.5366042338	0.275
haunch	-13.5726549336	-49.1969101178	0.292
disappointment	-75.4339809214	18.3419185119	0.947
expression	-32.295977049	78.8557331447	0.795
allowance	0.887602906429	-78.5180766725	0.293
duty	-70.7224650202	-23.51307995	0.980
curricle	-65.4802377399	46.6684185254	0.893
period	-82.772822397	14.3196314563	0.944
resentment	48.6942288327	16.8949604011	0.387
satisfaction	-76.2736617043	15.1039944815	0.945
gaiety	16.3955316043	14.8082059055	0.459
learning	17.9844291228	22.465336996	0.435
mortification	-1.55361312184	68.9316191258	0.659
sensible	-27.0482771869	65.9211824012	0.799
stretch	-10.1264511908	-51.2440477334	0.329
west	12.6103160911	-57.0546099275	0.337
repine	43.5197293578	3.0870240639	0.239
mark	50.6564494525	-37.7121167637	0.205
breath	40.6051295847	75.2771662353	0.442
direction	-37.8083494952	56.7087805673	0.821
blessing	-53.9810531996	34.8970378187	0.913
ostentation	-8.33262516849	-41.8024740211	0.275
drawer	38.7025782296	45.7069323452	0.423
declaration	50.0481356542	20.5319843071	0.358
one-and-twenty	12.1105965331	-20.7152120454	0.239
spirit	-82.2752188458	4.98934199663	0.952
aid	54.6756657578	30.5769796141	0.378
sound	-12.2409023616	74.8111031429	0.727
isabella	-71.896981055	-24.9012620308	0.978
sophy	37.7726448174	-3.9936847313	0.285
slumber	-28.5210571904	-69.5559723847	0.512
pretence	44.0293069589	45.8119770911	0.467
nothingness	-34.7369176342	52.0429089151	0.793
newspaper	27.1920991407	89.5231459514	0.639
situation	-81.8375544782	-53.4757168611	0.988
cart	39.6572129146	-48.4730015122	0.230
brow	45.9560967089	38.1953325976	0.485
purse	-24.1709026155	-83.179090368	0.563
cluster	6.23304218626	-11.0660215045	0.235
pressing	8.04186758351	43.7864339328	0.539
return	-71.2672953646	-37.0277249981	0.978
fame	21.3303450394	-29.8906544399	0.234
mite	32.5098307807	-63.515778913	0.264
fender	67.3446538352	50.2946233179	0.543
gravel	-2.48053861392	-68.5110346308	0.320
dining-room	-5.58591793398	-59.0301444599	0.332
speech	11.3121535295	-6.42797269248	0.216
deference	-12.4408983724	75.5712063661	0.730
week	-79.2420289035	-48.4370094344	0.988
finish	45.6898655128	-25.9985168037	0.263
enjoyment	-74.2715952827	31.3655269521	0.922
refusal	-40.368222482	75.0609154292	0.808
companion	-74.2727480771	12.7586851232	0.937
petticoat	18.2932255761	13.9438951748	0.306
fruit	32.8099842191	25.5662544658	0.351
longing	-54.1929553385	62.3697894094	0.806
recital	5.39832568778	-80.6521737995	0.321
relief	22.4689070143	90.9460025489	0.700
bottle	0.102033715915	97.5878146706	0.725
inability	0.533690654348	-52.0611244831	0.297
termination	-18.2907907075	-8.77224908909	0.230
model	6.76228034527	-25.4956143743	0.219
summer	9.55119429957	2.47212129221	0.271
idleness	-15.9372574441	-84.8241479271	0.514
diffident	10.9326905311	1.17814783952	0.261
dinner-time	21.4320013553	85.3928543328	0.672
money	-68.6589013899	-22.8386241735	0.975
rest	-79.5255721997	-54.1093341211	0.984
lavender-water	14.9966406714	-16.2351953709	0.263
aspect	-11.6179218374	-93.4840653822	0.441
satin	50.9113586918	-37.5971984657	0.234
blow	23.0237400846	71.1824050013	0.656
presumption	21.0755190006	77.1548726559	0.730
death	-35.2994706066	-76.368440238	0.567
gentleness	-62.7867220533	42.1016968505	0.890
suitableness	20.9988881277	14.6940504409	0.361
hint	-0.427775281957	80.7380826739	0.729
thinking	7.12575036018	63.2687705151	0.609
improvement	-62.2163306329	45.5498576926	0.886
instrument	19.120375294	80.4382289281	0.595
treatment	-7.15184999924	-3.12849640438	0.270
struck	-18.2802748723	-8.77152865835	0.299
kingdom	19.8665640753	44.5878020338	0.413
offence	-7.89471902449	73.039304237	0.731
petulance	69.2588614017	-22.2195488279	0.248
quickness	-42.5791297393	-81.5663332636	0.692
secrecy	24.9982689322	39.7683569435	0.447
world	-85.6320460294	-50.3575213119	0.982
execution	5.84383159191	59.7581205005	0.496
lady	-37.3085211912	77.2311880284	0.794
furniture	-52.1966940017	-102.733161992	0.841
accusation	52.0795399802	4.96163978528	0.300
fortune	-69.4877448143	-31.6018528449	0.975
stranger	73.7403807827	0.14886782866	0.360
chamber	31.8221454199	-42.7882767872	0.225
benefit	6.99880995079	74.5497452298	0.656
superiority	-45.046425847	52.4893827119	0.864
nose	0.614428260582	-73.6630874732	0.389
falsehood	4.57328146978	-29.2702644956	0.244
veracity	63.1518793045	31.0738314137	0.403
imprisonment	-20.511778292	-97.8061803406	0.531
competition	8.18725209981	-44.292885626	0.278
table	28.7861897701	69.3192812969	0.547
duration	-11.6250794905	-58.7862235236	0.432
noon	-1.53986985271	-21.4553292026	0.201
footing	-39.1919063731	-79.9263160228	0.561
knife	-25.1646604926	-75.8822376544	0.514
welcome	41.3027146019	85.0420509589	0.630
assembly	-11.312839805	-68.4599425249	0.442
power	-49.1623516076	43.7972024997	0.887
forgetfulness	42.0409523175	23.2752910975	0.388
innocence	-19.0050158879	68.2637336106	0.772
handsomest	40.2830669394	-58.1659298619	0.248
comparison	36.0697181836	55.4744162739	0.543
stone	-38.9647163386	-92.2380968303	0.699
son-in-law	4.81546391063	-29.1589587782	0.214
island	-10.1566156836	-45.057415779	0.263
violence	4.50707774985	-44.5331223444	0.329
sublimity	28.9890315109	-37.2713103485	0.228
remonstrance	-23.6576279841	66.9598604188	0.766
earnest	55.1232434403	-25.7846510527	0.261
act	-60.7082769246	63.2860221794	0.822
mean	29.4281795413	70.4200334813	0.582
road	-18.8604473948	55.3579476542	0.796
burning	29.4324245971	-4.43498360519	0.286
communication	-69.5656308865	18.3838694675	0.931
huswife	46.8550104711	-27.2307875931	0.263
determine	11.1949027924	14.3163581012	0.310
pleasantry	64.7420464305	30.3341608078	0.412
her	-76.8123328364	-45.7718514729	0.986
gleam	6.94644211845	-57.6670501833	0.447
lot	33.6735649655	6.9937678595	0.399
politeness	-50.9083964173	64.0011661884	0.852
valley	2.53517328738	16.4066226066	0.339
fish	66.6315488128	66.5394468818	0.519
mischief	5.89600882603	62.6717966152	0.586
bowling-green	22.7999568	-32.3182694514	0.250
regard	-82.9225206738	8.2911461795	0.953
downstairs	-16.9712065394	60.4263369312	0.714
feather	41.8190833496	-13.3955535173	0.225
circulation	39.831155272	4.03367903513	0.310
rage	13.9014964238	39.1051406103	0.413
intermission	-28.3808845402	75.0554634591	0.802
turnpike-road	51.8450553468	3.92772856002	0.373
self-conceit	0.863255998018	10.65877163	0.222
affection	-94.9048877407	-62.4144290803	0.995
palate	25.651025557	-22.3014028567	0.317
deliberation	37.4329339745	44.1164076259	0.431
taste	37.0108657462	-35.3580961574	0.305
self-importance	-41.7381541596	62.5653535123	0.844
fellow	-32.5503816614	64.041563552	0.784
imagination	-73.9960258169	19.8780676216	0.939
landscape	62.3547911658	24.6392755214	0.304
draughts	28.5253705789	-64.4905878099	0.304
sanguine	69.6648699304	51.8904024654	0.477
field	-25.1321788014	56.4116471108	0.772
trash	65.1580658809	1.19914243912	0.365
briefly	20.5953801148	78.0329163493	0.701
intimation	12.6223498672	-15.2311568762	0.216
pool	5.01402519233	-14.127933316	0.263
building	29.2847566952	-13.5214820419	0.263
neighbour	-17.9123859518	59.3246444221	0.762
consternation	51.6079926854	-64.4417885353	0.225
wife	-72.2603347234	14.6102394324	0.935
groom	63.6869975684	34.1578935441	0.394
mass	38.1571775793	-30.7182980053	0.259
sensibility	-79.7656206254	7.35868606824	0.948
resolution	-49.2812015971	50.7557484055	0.869
all	78.202940332	-15.0827097668	0.275
lace	1.31109894941	-68.2266673177	0.391
groundwork	46.0917793099	-10.2831027792	0.247
month	37.785448227	13.1212349219	0.408
sunk	0.543623291281	-15.8342005564	0.266
welfare	37.6766985709	44.6322233478	0.551
dish	5.05177166988	-41.5072473571	0.251
meditation	40.0085094801	-19.9219702389	0.222
settlement	-6.54286211133	-30.8739312167	0.215
reasoning	51.1286016269	-52.703591139	0.229
superciliousness	27.5267741894	71.6271805058	0.576
friendless	-12.2916187059	-17.0349883811	0.253
glimpse	-16.5285329014	-88.7176215332	0.584
apartment	-39.7694202639	-88.0705321202	0.669
hunting	-16.7006077562	14.7022092539	0.423
removal	-49.8605603373	43.5875265186	0.867
painter	73.8682400552	39.5884024499	0.409
tranquillity	39.1929075716	38.020417512	0.409
dressing	44.7266791427	38.3071434937	0.403
smile	-40.3940696684	54.0236596221	0.857
presentation	63.2104586809	-42.5733146014	0.229
case	-83.1934355587	13.4865630504	0.944
woman	-88.7295094418	-55.2797429662	0.990
appointment	57.6229200515	57.0199898484	0.473
worse	-4.38834110004	-54.7518283369	0.330
song	56.9782081086	53.6476818804	0.468
horror	-53.7003872221	-101.1970273	0.868
easiness	17.1933085393	-72.7448246184	0.344
fan	35.2734618802	4.4753832759	0.268
fall	-3.11240957901	87.9179946451	0.700
difference	-70.265840334	-23.0123219247	0.976
condition	-22.5116432525	-88.7507615264	0.501
knighthood	-28.0590723708	-72.1557671693	0.499
ingratitude	-6.94208571117	-43.8526288803	0.252
list	-16.7051671962	16.9096151931	0.486
manager	-8.5851408089	-92.9795668609	0.389
grandfather	9.64665033141	-48.264490599	0.233
desertion	46.4528703349	62.4875456077	0.517
tea	-68.7190834459	38.168203881	0.908
cash	63.8334863586	10.2820181684	0.281
past	20.6969563807	-0.95387390573	0.302
rate	71.2342591634	-48.3865827747	0.372
invention	76.8159927405	11.4605948134	0.305
design	67.0851439413	3.97089358218	0.428
affectation	39.8972447513	85.2228702113	0.596
belief	-4.86583199194	-19.4826850052	0.219
conscience	-78.8420511902	16.4067784826	0.947
defence	-30.2341027476	-96.632698626	0.646
hesitation	66.5382051689	-8.81987650476	0.310
adieus	32.1193462607	11.5176339137	0.296
sum	-20.4628663114	-74.5718771916	0.526
dirt	-52.2470937004	-101.227375472	0.843
tribute	22.3464194583	90.5418886313	0.714
public	-20.382450711	-78.910034331	0.508
contrast	-7.25913235547	-81.2143120673	0.349
eligibility	23.6311555476	13.7861058742	0.248
indecision	39.0325308628	-68.8096704939	0.248
behaviour	-85.688180967	10.3707940188	0.947
tea-table	-12.6296464442	-71.2799687599	0.583
excess	3.28170984094	85.6852198176	0.705
graciousness	8.69833633428	-52.3240963468	0.301
conviction	-77.8910988112	-1.29804602783	0.963
compliance	45.1709776403	-0.212334687592	0.273
experience	-46.8737535277	-93.2482756818	0.783
amount	31.1229444804	21.9763198815	0.482
acquittal	3.72596073087	17.4268531907	0.284
stiffness	5.20803590224	-83.9440104568	0.385
misery	-62.4599271988	36.9041658247	0.917
cessation	20.204709303	-49.8928643988	0.308
luck	16.3473890548	65.6866318424	0.532
sweetness	-43.8522635815	-98.4999311164	0.803
struggle	54.1342805471	66.7059436424	0.538
family	-98.2017621788	-65.3790572541	0.996
sufferer	-0.575292432079	-63.0948433526	0.394
courtier	23.9840280178	-60.8312098738	0.280
regiment	-72.8288263101	30.3217586903	0.930
aptitude	10.6911432326	-31.9240672655	0.235
sanction	6.16846423894	84.5271241698	0.616
trinket-box	0.809017200137	-7.90140352657	0.263
dowager	8.3650413097	-74.8357891857	0.433
attendance	-60.7367051403	56.6330702981	0.860
eye	-69.4217765776	13.8855444374	0.940
composure	-47.15817398	-93.6696261222	0.775
reproach	6.48339854666	10.6483564267	0.256
faint	-2.06859115226	-50.7537952775	0.283
cultivation	32.8257609779	-26.2537698718	0.285
wavering	4.89983158782	-86.5077420988	0.461
fragrance	-29.7491012006	-7.37440464215	0.248
injury	-53.8364301871	61.3914171868	0.837
affluence	50.870226921	16.9099994789	0.478
door	-74.2041763424	-33.9482143996	0.979
formality	-4.99940002827	86.3153277893	0.710
company	-80.2916399364	-49.7945532418	0.987
excuse	-19.6736725372	-53.0849552928	0.411
impulse	45.8840820237	31.4902556248	0.417
rudeness	10.984701948	45.9595133022	0.439
exigence	47.2777540745	0.261770197282	0.280
hurry	-30.9148230737	56.5489053281	0.778
town	-88.9629177367	-57.6151324939	0.991
none	-76.7947548152	-44.8519991207	0.987
pocket-book	54.4285328596	23.9974312482	0.388
hour	-38.7767157209	-97.5136405132	0.678
middle	40.3651840425	75.4133922352	0.526
dining-parlour	-9.23839867051	-48.6980276956	0.364
forbearance	57.0076658255	53.5165897287	0.516
clergy	1.27624525339	-76.4718037132	0.428
male	63.7390800997	10.5879952199	0.239
excursion	60.9244421067	-1.0127111812	0.257
history	-57.0836057146	53.3949964178	0.847
share	0.674240224074	-77.6214784007	0.463
sphere	3.91737126095	-13.9648163487	0.291
imitation	48.7158103515	-55.0556066451	0.274
sense	-69.7475398252	-34.0070066954	0.978
dress	-38.0581211293	67.038231129	0.833
information	-48.7373107647	51.0036973665	0.860
court	48.0586205177	60.9133077081	0.493
desperation	74.4867247834	20.7489876933	0.259
comfort	-63.1229265693	44.1708359984	0.891
self-control	50.3314430149	12.3441252547	0.330
footman	23.607833804	13.7934521941	0.266
creature	-33.5460209622	66.6834171661	0.779
advice	-9.39168488829	84.5203200516	0.766
ill-will	43.454278761	39.1248014836	0.544
crossness	25.6199697498	-60.1271957522	0.274
adventure	26.1627291273	24.1647318746	0.221
bloom	46.9255927106	56.3985528479	0.555
flutter	-5.84027037894	11.9854602907	0.424
licence	32.1034971367	-64.0431178121	0.255
coat	-13.0461331001	-90.8891891777	0.518
departure	-42.7243807168	69.6197685319	0.808
wishes	61.6533632656	23.8681726911	0.219
dread	-46.4610123847	62.9456672852	0.820
shade	20.3973263865	91.9998440181	0.733
pleasure	-89.6522436585	-57.2661060947	0.991
dream	45.1986519156	-18.8043835483	0.268
bustle	59.6975952351	-47.6425291788	0.222
help	1.24364081067	-42.5239291039	0.292
rectory	8.68989049336	-42.3111536219	0.252
trade	10.2229806629	6.33695545453	0.327
attitude	-1.33525650611	18.7302365311	0.310
paper	15.4271702187	86.6801258302	0.648
pang	6.89007786895	-57.9500610362	0.381
existence	43.9639336872	64.7872894771	0.587
avenue	13.6505203247	-53.1876075908	0.261
surgeon	-31.9561884261	-72.72345724	0.535
style	-19.8802125098	64.2098205575	0.724
reluctance	10.6068494105	-61.401414581	0.355
bosom	-18.4129841665	-49.6765556465	0.329
absence	-53.5105940379	-102.465702668	0.861
inquiry	15.9705567176	81.7313959005	0.681
fool	-8.21932466962	-92.9204929632	0.369
evening	-74.5216535309	-44.4432838851	0.985
somebody	27.7939966389	86.9928828938	0.652
food	72.5753177532	28.5785394221	0.396
insensibility	67.5757853723	66.4981917129	0.404
sweep-gate	63.7282998233	40.4651956333	0.325
preservation	36.7705276264	-23.3513740084	0.245
foot	-15.316388268	-81.9991237626	0.552
smoothness	49.6384910742	8.54948854227	0.251
mystery	65.8852977462	52.8417156602	0.552
celerity	37.0251151953	-55.4927117348	0.248
likeness	3.99718017313	-36.9661683608	0.253
shop	-36.8956660819	-86.6057124614	0.671
eloquence	10.9024458653	-65.3595380687	0.339
someone	64.6730735102	35.0390074246	0.487
repeating	42.2011935778	27.478079672	0.302
friendship	-79.0817116762	-4.24194044324	0.964
pleasanter	31.8252761922	53.917321038	0.551
harm	4.59106172164	86.0397883836	0.676
everyone	19.2519013396	30.4835656794	0.393
weight	-27.4611689337	73.9930998991	0.747
generation	8.8836289677	-40.9874811846	0.227
house	-87.1806288048	-58.0017005865	0.990
energy	18.1319080944	2.15426505156	0.335
idea	-82.2386200087	-50.1250906835	0.988
seniority	47.4842791836	-11.4574947344	0.232
absurdity	16.7331313893	-40.5675539936	0.247
event	21.3504874253	-37.1783043948	0.237
harp	60.6113505818	34.4261085692	0.537
veneration	-12.30255276	-66.650764304	0.444
disquiet	20.7400346202	-64.2621734244	0.314
candour	36.3252766246	5.50961811939	0.197
health	-71.6140883683	16.2961649239	0.938
hill	-54.7368371392	64.1059294977	0.803
fortitude	23.8141119222	46.7986346074	0.581
darling	15.5240893361	75.5818681874	0.663
impudence	-1.8727325782	-85.818239891	0.390
gardener	-3.00480758178	-30.8127296064	0.220
impertinence	35.9643442074	5.07693879672	0.244
circumstance	-69.8611444115	-17.1676256716	0.973
horse	-60.3892801682	61.6084434293	0.852
difficulty	-58.0204386677	44.3458354333	0.903
reason	-1.97402012335	63.0161578803	0.676
contrivance	14.3545980397	-10.1659637564	0.257
disposition	-48.3371567044	-96.4819079247	0.799
tenderest	36.1981919093	-47.2420249749	0.249
beginning	-12.3800539093	63.218827781	0.702
definition	10.858163711	25.485543544	0.417
revival	53.1984414267	16.8627809682	0.291
curtsey	-8.44303246747	-2.38827132679	0.312
diversion	-7.50707926279	-2.83233319963	0.293
bridegroom	27.8070992564	2.18424609748	0.233
afternoon	55.0400211983	47.0247294891	0.464
prejudice	-27.6416506587	74.1052725554	0.753
circuit	40.0969742125	23.7841861007	0.316
anecdote	-19.4985522001	-50.4155626032	0.383
consequence	-73.5853087939	44.0614226736	0.903
blush	34.6774509483	-60.6887873365	0.270
drawing-room	4.03319326108	89.068871037	0.706
engagement	-71.9081663685	-24.0758370762	0.980
probability	-51.5345001941	58.7413298271	0.850
feel	33.7793684736	-46.3368337221	0.256
number	-62.8689693014	54.0641590065	0.875
fancy	-79.1714680236	15.7777591594	0.949
revolution	17.1257038241	-72.0501920728	0.365
story	-42.4024987309	67.3893329032	0.838
perturbation	-11.5345760297	-64.5569580315	0.449
guest	19.7030098828	-83.2130300128	0.351
introduction	16.792324292	50.2488492284	0.515
paint	30.2979659962	-43.6433420433	0.324
regulation	36.4428856877	27.8699499484	0.384
station	30.9715905703	63.6029958043	0.551
statement	55.1140121956	69.2748689101	0.510
compromise	28.8956946463	57.9547962419	0.601
scheme	-73.0948101001	-23.7923526825	0.976
store	22.659406615	4.68110729891	0.313
headache	7.53744728585	66.6756203573	0.589
storm	-11.8823641881	-67.9558196616	0.430
relationship	-43.7526118423	-97.8473831159	0.777
behind	18.7992573188	-82.7898746479	0.360
hotel	50.581989626	25.5834806275	0.418
park	-53.441753346	-99.2714208332	0.846
sensation	33.8175593419	-61.3146463732	0.221
part	-85.7340484476	-56.9254084047	0.990
vindication	23.6972115793	-53.745048615	0.244
grace	-33.6383022016	64.9036529695	0.809
king	43.0623868038	-44.8149367085	0.236
kind	-89.8231983838	-60.8311594407	0.990
lament	66.3873003633	-5.36332118114	0.295
instruction	27.6635714078	45.6790783665	0.564
youth	-40.4695637996	62.3204568373	0.836
bride	22.9807372484	80.7484028498	0.722
superfluity	23.180028328	-4.92821409837	0.309
marriage	-87.2027672437	-55.7050517904	0.991
lease	9.96957931711	8.93096173587	0.318
defect	-23.0580072945	-74.1048559258	0.607
livery	-8.64292864827	-43.5497012215	0.257
lie	19.6357818113	-6.38028193623	0.239
dancing	-82.4474634093	1.32718276174	0.962
suddenness	3.5837217698	89.9214892454	0.731
reliance	-31.9527773268	-77.7813871465	0.614
labour	-4.80894683482	-73.6750901175	0.386
play	14.6627806497	93.2184568304	0.561
godfather	-0.809752202576	2.5180166653	0.254
inconvenience	-75.0157837922	38.3235435129	0.912
reach	68.5241164264	48.2593771686	0.390
yawn	-4.84306125145	22.0859670095	0.368
charm	-56.8226685018	41.2843035619	0.891
plan	-37.226291915	67.0021213325	0.793
nothing	-94.0434335668	-63.6481851154	0.991
goodwill	-6.94800580473	67.6864241025	0.570
popularity	-22.8190413528	-19.0096340338	0.213
cover	-14.9817733222	-65.3126747813	0.413
panegyric	41.6989939304	10.004852415	0.285
saloon	-13.8900622896	-25.5922679902	0.263
tete-a-tete	35.1095839814	-1.26257178876	0.322
eliza	50.2388748649	-49.1163775162	0.244
perseverance	-21.5106638564	84.744200374	0.749
think	34.5893932379	26.2615486766	0.329
foregoing	-15.4047582025	1.94664708406	0.300
relation	11.6377891765	-81.8317975244	0.515
fine	57.2256537315	-36.4023866785	0.263
occupation	-30.0283634078	-68.946357815	0.542
completion	33.6249083651	-20.9129960447	0.230
sideboard	67.5890600336	-31.6953936017	0.227
justice	-73.7907144243	-1.3411961283	0.959
ruin	11.6639706377	35.0020382746	0.414
writer	24.2736301122	65.0819756109	0.422
assertion	10.8496116329	86.7791239751	0.639
circle	-13.6572193159	67.8771583465	0.774
indifference	16.3689156224	58.2992945444	0.663
ball-room	56.730162361	41.5080343944	0.396
permission	55.9721333904	5.99512137452	0.268
missent	14.1460372356	-13.9215723247	0.195
express	49.3889184148	-46.3135759762	0.230
avarice	43.7878236888	-28.8308471512	0.276
courage	43.3373338371	62.4783754761	0.548
breast	48.2653466631	-35.2618060046	0.210
compass	-4.91630096968	-32.086318693	0.205
silk	-0.78166098244	19.7272030836	0.325
affront	16.6930649608	87.707668174	0.638
shyness	4.29076057441	-70.5495638555	0.355
enemy	-19.0901364284	-81.5249897577	0.497
resolve	55.8799933957	2.82149150815	0.255
tumult	-22.5120510127	-90.1758818037	0.569
alteration	-42.7217393815	62.224871335	0.834
vestibule	26.8662329934	47.9163104213	0.439
activity	-56.2550736845	44.3499510802	0.892
river	12.6800861607	21.4681613184	0.332
insensible	-13.0223207913	-24.8947927008	0.250
loveliness	-12.278781961	-67.2463442125	0.441
set	-65.8554489972	35.7556811244	0.919
art	51.9590166494	46.8755338154	0.483
intelligence	-41.0719695677	55.766079188	0.866
sex	19.5275699453	50.9025285303	0.521
culture	32.1144062839	-33.6722954798	0.247
individual	58.758791744	-45.274735312	0.305
sea	-44.7238319118	50.7968776405	0.882
tender	-58.9529484146	35.032223429	0.908
portrait	-9.40213308828	-81.1874035826	0.458
despatch	57.6461649348	-33.5208459755	0.262
arm	-72.1660679289	-31.7810626077	0.974
preparation	31.5504518894	53.1997147921	0.517
practice	-19.7026455996	-81.6372431299	0.581
ill-treatment	25.4970921134	21.0711899775	0.307
learnt	37.7525307134	-15.0367334268	0.249
speed	36.3001240764	-31.5635216374	0.217
familiarity	31.4262449055	11.7472671978	0.279
guardian	32.3964091082	34.3588757517	0.417
woe	30.4141488128	6.09764422909	0.281
silly	-13.7757655235	-91.0046675978	0.546
avoidance	31.9059281807	58.4031097037	0.569
hauteur	-5.32764269133	21.33831949	0.406
compliment	-55.4317101061	39.7772747562	0.890
frugality	69.2007693914	-11.9248853358	0.255
hardship	24.7254735196	53.8396640294	0.530
premises	21.1992683849	-29.4813725156	0.230
attention	-80.8799259714	7.87347781128	0.951
opposition	47.2456414176	71.1396587929	0.513
diminution	2.59861545717	-38.3747654473	0.271
lightness	12.3166333144	-26.558068215	0.258
half-hour	31.1018531848	51.8128428285	0.532
reverse	62.9287014923	33.2573668508	0.471
well-doing	13.5344712346	-15.0577014276	0.263
carelessness	67.6286716712	50.9717774963	0.533
connection	31.0502924821	58.3550894816	0.588
collection	-29.5030187334	-74.0938045836	0.651
vault	-13.9736212797	-27.2804956821	0.234
whole	-71.1049132044	-19.6948151884	0.974
distress	-77.1864595683	-2.76719408235	0.960
duplicity	53.0760289408	53.2518864698	0.546
point	-69.7622575542	-25.2073473765	0.974
chaperon	29.3989621954	-27.1253322726	0.254
coincidence	56.5028737089	-21.4893528607	0.391
archness	-1.15292201191	-63.3801177109	0.377
openness	45.386980978	33.7781651296	0.463
connexion	-34.4647433874	-96.2594447248	0.702
complication	27.3701452364	-37.5607250778	0.269
willingness	30.0207574384	9.78400348831	0.319
volubility	28.2988530868	48.7519545982	0.549
stamp	-5.79946959262	-12.5300023883	0.243
damp	66.5746945982	2.88304507141	0.416
acceptance	48.3818537354	16.8786044928	0.346
secret	-39.1229816373	-95.8653490798	0.749
evenness	-35.5455107362	-82.9319813371	0.674
meeting	-75.4046405248	21.5016724102	0.937
astonishment	-71.6506593127	35.3296930384	0.934
dialogue	67.4154916085	51.530592966	0.493
flight	3.54100824608	30.0042111877	0.383
fire	28.4795817865	-86.7639498011	0.244
upstart	80.0716961313	5.45515366895	0.267
mildness	35.8992629396	-36.2767950343	0.223
imprudence	-7.33914216377	-66.0972207835	0.333
precision	26.5309337337	49.066722403	0.446
fireside	44.5329996451	-50.9312577652	0.284
moderation	50.7394796035	-64.6191028383	0.216
determination	22.7772507858	7.07135741822	0.428
bidding	72.5085497969	30.8040054806	0.326
demand	45.7300580651	18.2423013527	0.422
rupture	24.8728248025	53.7165307887	0.518
hardness	7.04198343801	84.9086329641	0.549
conception	64.155773519	-1.0048394583	0.283
look	-65.6966238754	34.576158476	0.925
civility	-81.1114493474	-5.96715791599	0.959
pace	26.1140239849	18.9334391383	0.195
confederacy	13.9662538139	-31.8939384982	0.226
error	-36.7340969861	-91.2700291465	0.733
fun	23.3941643023	59.3950497452	0.609
guide	7.43603560468	-29.3774311842	0.212
pack	59.4925076659	-44.4705071862	0.248
century	23.0621535667	5.41068149886	0.327
ecstasy	2.57251670864	67.9873285506	0.666
vow	8.61215546807	2.70110575021	0.282
chasm	20.4714058029	-50.2186224363	0.390
perverseness	69.4201409507	51.7934486165	0.476
anguish	1.70207223885	78.0515041374	0.664
hedge-row	79.2703990588	26.5189632662	0.361
butcher	21.530856405	61.0448683049	0.524
discourse	23.2348726409	5.49673947939	0.264
shire	9.42248582925	25.2072431363	0.339
forgiveness	37.8637373825	-30.7756181802	0.225
composition	51.12292889	6.01772670751	0.287
development	-10.8977551484	-8.77600038474	0.238
calculation	-19.8615155424	70.8934977488	0.756
restraint	-32.5412820048	71.851017569	0.786
yesterday	-74.4219582283	-14.4972835775	0.967
censure	12.3321163659	92.4230588325	0.659
moment	-71.257369321	17.8837995991	0.932
purpose	-45.3749920928	59.8216508033	0.827
necessity	-73.9752423595	-2.10943766339	0.966
mercy	12.0757178491	-20.5779333169	0.237
solemnity	-14.9671713798	82.917234808	0.776
anybody	-71.9825760266	-17.8692755331	0.970
morrow	2.2099576571	-55.1584504348	0.391
person	-79.2014650725	17.2116536925	0.943
edge	4.95555181186	-61.7523411942	0.411
consistency	23.6102581844	-32.4724045492	0.243
self	-22.2046125687	-74.0363691834	0.590
grievance	33.0353517984	-36.7854842551	0.240
endeavour	50.9527779398	46.5593194704	0.539
shape	2.69055284223	-68.3035389954	0.407
alternative	5.05539411013	-17.7125274893	0.258
retirement	-3.82227815197	-27.527970906	0.277
cup	47.9871870057	-43.8924554269	0.230
admission	33.9324573502	-74.2955978358	0.329
dinner-party	-22.3577030023	-43.1334840109	0.311
source	-52.0696494672	36.7930244698	0.884
exhibition	61.5454123055	12.2868928046	0.328
depravity	-20.0235938331	-39.3781458395	0.193
reproof	-46.3742345196	54.4747526695	0.847
contrary	13.5265699212	71.3732983358	0.600
remaining	9.84487894243	-33.0371723401	0.265
complaint	-10.2146013187	-80.3734532139	0.509
admittance	34.9558199637	-35.5359743221	0.235
chambermaid	13.7650900964	0.754084448975	0.296
couple	-29.7490579459	-7.3741409943	0.246
condemnation	56.7548572281	-21.2842847772	0.292
judgement	-34.6603513941	64.335316077	0.797
game	63.2749659794	67.4600836765	0.598
quest	48.1533462882	28.7968185708	0.468
three-and-twenty	28.7856228393	-67.8836525865	0.330
bit	37.647618491	51.360757424	0.512
governess	20.5615967364	-13.1770698101	0.252
signal	-1.11655810486	18.4160326658	0.362
uproar	30.0435296517	-58.8697521106	0.235
distrust	12.0733982712	61.7326978432	0.737
indication	31.6587654265	32.3906973524	0.418
softness	61.2859782309	5.1912231758	0.315
sketch	-32.8746891887	-77.8674911322	0.616
parade	67.8993464755	-8.7678837174	0.389
spring	-75.758323001	-1.39464730176	0.959
back	30.7160331946	63.8424663368	0.573
understood	-20.136947669	78.3347123382	0.787
triumphing	-12.9050044682	-37.1073179601	0.324
sight	30.464785163	-7.72189493496	0.307
selfishness	-44.1143341049	-91.6608450229	0.758
candle	10.5191531207	92.6379994	0.662
eclat	48.4587880673	-1.52844554748	0.306
pale	65.6266704586	-43.5438247091	0.229
acquaintance	-69.6119900741	-20.2940537336	0.974
novelty	-53.3102595046	45.7143723432	0.835
audience	5.52630530456	-48.244514631	0.254
pen	37.8686297575	66.3241946998	0.584
seclusion	6.91836468596	-67.5345593582	0.314
rectitude	66.1601387009	2.28454297207	0.413
inclination	-22.4384155969	78.842223868	0.773
patient	27.2827491094	-87.2529468421	0.386
confidence	-61.5859024056	48.7412807323	0.878
fretfulness	-4.99953146725	-47.1246290725	0.267
step	-29.6934083025	-86.7466904436	0.725
consolation	-43.784667128	54.5961125658	0.854
faith	4.01360191496	-23.744337499	0.249
housekeeping	16.9209315172	-27.2107477613	0.259
anything	-85.3755201785	-53.2600056629	0.989
inhumanity	-20.586714587	-91.5093888548	0.619
range	58.6730244244	-11.0571069713	0.248
militia	9.64158500852	71.683738072	0.707
hatred	24.3263431623	-24.6809434907	0.236
silence	-80.6021745291	5.83939268183	0.952
disclosure	16.2081324708	-5.5657721766	0.257
encumbrance	25.4887676881	-7.78563999315	0.238
plenty	-43.6575454143	52.5319234569	0.852
pelisse	-13.2405343733	-87.2925788601	0.513
conquest	21.392505566	65.9713937491	0.637
nonsense	1.93429642478	73.5198126206	0.721
persevering	-22.1229578203	-20.5880000019	0.264
remembrance	34.8177100246	-5.18192827338	0.277
lesson	60.6600849261	34.3793976755	0.516
renewal	57.6240403436	5.93406070081	0.224
spending	-10.0597452699	-82.9969938651	0.569
question	-75.1269790661	-9.92802657152	0.963
errand	26.9706563673	-87.7969810766	0.488
custom	19.03860334	78.8358596529	0.653
parting	43.8320123273	64.1092288049	0.588
suit	-52.6968387315	42.640390012	0.883
contentment	39.9122216869	24.342103032	0.433
glow	-17.29870132	60.0564871874	0.767
manufacture	63.38687316	25.9608108034	0.395
talked	63.4297850755	-26.8989242629	0.243
solidity	30.718807771	11.8878665801	0.230
authority	-43.7300243504	46.6413992922	0.859
line	-26.8518697931	69.0060244567	0.755
reel	-26.2436991275	-50.5236348457	0.318
harangue	7.40544240216	43.4673328949	0.420
motive	-73.1974593277	36.2196879941	0.924
rejection	-16.739613081	14.3044695817	0.350
gallantry	-60.5789685831	50.9665137666	0.885
unreserve	55.727942854	16.9044398454	0.339
foresight	68.0171340084	14.5848171929	0.306
commiseration	44.1362080638	48.260689119	0.515
mature	8.06687074416	-4.63392051879	0.261
bell	40.3524566182	-58.2368600349	0.204
sort	-68.8354631101	-35.7071169899	0.976
camp	27.9700006986	-31.0761094516	0.220
abruptness	21.5214784083	63.0599981691	0.589
expedition	42.7761077603	0.0315766110927	0.254
influence	-78.5760366175	0.905941101291	0.958
possessor	29.2916384958	-72.7462953266	0.317
paddock	48.2436621451	-24.7316198027	0.236
concealment	44.8832071942	17.7684303729	0.365
fluency	20.8482400394	-24.3802464625	0.252
objection	26.0664069962	-67.8583119843	0.310
peace	-37.5109681113	83.6915753655	0.818
scrape	19.1457262318	45.7522509891	0.524
club	-3.86623564335	-27.6341955475	0.241
income	-61.0402380582	54.1730272455	0.856
calmness	-66.4471955521	42.2458130321	0.895
condolence	11.1931865693	19.394859283	0.306
perusal	9.46543649787	-26.7439502762	0.250
favourite	68.6291377993	-12.1563013688	0.321
papa	-13.0368360413	69.0443440953	0.788
meaning	-26.93809782	69.0520416238	0.795
restoration	35.4050326428	19.4662921909	0.351
flirtation	14.7670466435	-5.87063745692	0.228
hair	-70.192212805	32.1257867568	0.903
desert	74.8089037986	21.610715002	0.332
hackney	2.08341830269	0.724164968379	0.269
lane	7.02635636068	74.5467580009	0.682
land	-0.91625759084	81.0741390132	0.757
phaeton	29.2796108183	8.60095231856	0.282
vice	-23.2278449532	-83.6844576911	0.617
age	-71.1099821919	-20.9953817	0.975
derbyshire	14.2142334106	3.64689666985	0.335
impatient	0.0434842601144	97.5692315882	0.742
narrative	35.4961372877	90.012684108	0.533
walker	9.41680456418	80.2280792036	0.729
once	3.66884465234	69.6320560676	0.646
cordiality	40.7369941564	76.6847425115	0.479
resistance	46.8570814979	9.47011257121	0.374
infatuation	10.2152790745	25.1145433193	0.355
seemed	49.0270582571	-10.3026416127	0.273
disposal	5.84930757743	58.80912468	0.520
arrogance	-15.7501560909	-74.8785718006	0.440
breach	-4.12890541243	83.6523187947	0.715
dislike	-59.8537297075	45.3833258917	0.898
pleasing	5.11547400305	-82.5679462486	0.322
abode	-50.3140104008	-95.2618220946	0.819
confirmation	11.7279129282	84.5456721664	0.649
garden	11.9168494461	56.5615148915	0.586
prudence	-10.5582944737	85.3993671318	0.806
felicity	-48.655782129	49.0444056248	0.884
discouragement	49.0692499533	63.1268517346	0.450
indecorum	22.921978159	-83.9841735608	0.306
recreation	70.2780272158	-22.479642387	0.247
profligacy	17.6143535652	10.1534603675	0.273
shock	32.0372848339	-27.7968973078	0.257
tenderness	-32.4364049898	71.1556203701	0.792
race	34.5423434717	-10.421349539	0.208
inspection	-39.15062295	-81.4322323888	0.706
insolence	0.686039110696	36.9884921732	0.498
malice	1.77629213083	-36.4728662472	0.422
languor	35.7994840075	36.6162130525	0.430
ladyship	-57.4087152316	38.5805504648	0.907
reconciliation	4.58051493071	61.941061689	0.593
dejection	-16.871082703	3.0841490249	0.264
colonel	29.9452626727	-5.80485395916	0.325
portionless	73.721928656	-3.45595905607	0.283
eating	50.7613816323	50.2883075028	0.527
capital	-57.2543227278	51.0443566997	0.872
palliation	28.4159870014	-3.49326332697	0.292
exercise	-38.6855642022	-91.464936333	0.713
body	-9.96289424153	-83.9798696584	0.535
melancholy	-60.934519385	39.6075398534	0.918
justification	20.7107844579	-15.9226957595	0.233
degree	-74.9394595833	-38.8341003286	0.982
poverty	18.1820107841	-10.5484714275	0.237
separation	-56.7958662796	61.8328818592	0.866
consideration	-72.5880160581	36.4116782819	0.913
extreme	-28.8672213478	-69.3639808588	0.513
remark	19.5304185902	-71.1755592331	0.379
talent	47.2474879898	-14.3072980553	0.233
pressure	-12.7642838018	-24.7447655593	0.250
conceit	-26.0922907096	-79.5076342191	0.629
indelicacy	54.6229465003	25.0930445156	0.306
benevolence	24.7098598218	20.3078248225	0.377
survey	13.3730620159	-22.4555483922	0.229
simpleton	14.331261874	61.6242962736	0.640
opinion	-72.9083159407	-14.2240953059	0.977
danger	-76.4076081848	15.024263	0.945
confession	25.4364278239	25.1275254882	0.298
sameness	35.1339080231	44.1404796175	0.477
extravagance	-33.1124184849	-75.5422641571	0.604
wit	-32.5463133635	-83.8585040871	0.580
singing	-11.2157209885	-54.7953778451	0.307
sermon	25.3535035736	-23.0864555381	0.240
standing	-36.7663087079	-90.1638427082	0.696
use	45.1006746606	84.1005915124	0.506
misrepresentation	-15.5243956474	2.04246766889	0.226
lottery	7.07824656468	19.7738299178	0.241
stream	-12.2672109133	-57.539592594	0.489
consumption	35.9491023479	-7.63493949423	0.248
process	54.5082676502	-8.82995735377	0.245
doubt	-79.5453446435	-47.2068284296	0.985
examination	33.1645527576	-47.5553460075	0.227
butler	60.6732223267	-1.17777425671	0.262
possession	-4.27243605409	-26.0216877415	0.275
infamy	43.099181985	44.7993118367	0.421
heir	-54.5588062747	63.11392906	0.858
finery	-21.8115615672	-90.9664580669	0.576
train	34.3781049451	12.8705682627	0.285
baby	27.2026096776	-35.3283044988	0.245
charity	-44.5434477122	52.3606647117	0.875
account	-85.9604894216	-55.763837241	0.992
drily	36.5952065942	-3.65801222218	0.293
heard	-33.6219190715	-84.5020968097	0.654
ride	64.4076026657	-38.1062124946	0.257
pour	14.12386297	-74.2068764041	0.422
praise	-73.0032185887	8.02710746874	0.948
phoo	-43.4348713116	-92.0783497841	0.742
proof	-61.1306183486	47.9971630946	0.856
control	37.5684999721	-25.7605055149	0.281
confidante	25.5785597008	9.82702464201	0.229
indulgence	14.5399864458	-82.0308527278	0.429
bent	32.6848571875	1.8420066211	0.269
patron	42.4854875511	23.2399048769	0.370
earnestness	27.6644001596	-57.5278957286	0.255
lock	-78.9441955035	1.62503100283	0.961
tax	72.5615401794	30.9773898325	0.285
dependence	-54.7331029244	59.1716428094	0.854
villain	-8.35216836917	-6.55394716454	0.311
something	-54.1160475915	74.0617450382	0.854
sitting-room	-5.20372812609	7.39572482989	0.266
contempt	-9.25884946808	62.2720034628	0.725
native	58.9910444116	-31.6408251136	0.297
sir	-78.9282462002	-12.8942273308	0.967
sit	40.1265193149	-67.5275446617	0.248
nearness	1.41151157053	-74.107912814	0.319
parlour	52.7389287497	38.3831344884	0.339
poetry	-44.3200696221	-90.0079422255	0.728
arrangement	-7.69569794529	91.2549424379	0.715
delay	-74.4903457969	-24.6672274212	0.977
lamp	30.1972858962	65.2772890014	0.646
attachment	-3.40336842456	89.1299773309	0.685
animal	52.0540188947	38.741867555	0.444
establishment	10.0782178009	42.5200513377	0.476
stand	-2.24239737857	-19.97387892	0.226
fare	-11.1066940781	-55.3359273104	0.383
entree	47.4249651341	24.9692209007	0.401
hesitate	-9.27254949826	-50.8060895911	0.294
farm	37.2591537472	-39.0087416927	0.236
testimony	46.0919920939	32.1577705394	0.512
hazard	0.724460853752	-67.5949941306	0.273
abuse	-19.4175136042	-32.035451187	0.234
fatigue	33.741928689	40.3415835846	0.542
debasement	65.0645995171	-36.6393759712	0.233
pleasantness	9.11386046997	44.4492649541	0.529
readiness	-46.4246884872	60.861061595	0.845
watering-place	2.42370138516	28.893044193	0.256
light	8.30323419498	-53.4797273883	0.303
awkwardness	23.1557174759	-7.73422527818	0.264
remedy	21.4812463778	-12.1823519576	0.246
chief	-78.5027172537	26.9232733203	0.922
supplication	49.0535868784	32.2503806171	0.297
parsonage	28.5243382675	-37.7186052594	0.224
bathing	-15.2831391231	-81.7368411913	0.555
alacrity	-40.2340071492	68.4266500674	0.814
passion	-60.9300324529	35.4992101705	0.905
exclusion	40.8362981995	57.7174807084	0.567
decorum	-12.3672547638	69.0603494656	0.734
glee	-11.4143813008	-63.0468056957	0.348
imperfection	11.1279078067	-53.3718004245	0.315
meantime	-5.5617654006	-60.1975378523	0.355
olive-branch	15.2903626095	2.68299272631	0.313
material	20.0916295592	-13.5397223173	0.252
mention	-55.714532313	37.5479244563	0.888
kiss	56.4398721382	-4.45658370446	0.294
ambition	30.3486665041	-65.9872113895	0.299
front	34.3191075281	-10.5449260838	0.225
kindness	-69.6074505864	-24.342931234	0.974
day	-95.5470476547	-64.7006380889	0.994
footstool	47.6965003208	-35.7268602251	0.253
undertaking	46.1720895549	83.9780333309	0.448
freshness	4.08997588364	68.5496655295	0.687
magnitude	27.4954685677	48.3044002551	0.522
mode	-32.8555304783	-93.1646433449	0.618
truth	-78.3150008045	5.34550607122	0.952
prevailing	44.6738892546	84.1401881506	0.520
society	-70.5737054359	-35.4397025308	0.979
measure	3.21508643925	1.05888117177	0.248
disinterestedness	14.3918506204	-62.3657258467	0.308
witness	-15.3792838099	95.2094656299	0.754
acknowledgment	58.4659244011	51.5523851651	0.527
sentiment	-33.8270900817	-79.2077294445	0.645
entertainment	-8.27883655207	-81.1554522449	0.390
cause	-68.8387856361	37.2192679578	0.921
red	11.007673665	20.4737975441	0.314
shut	-32.6338606029	-95.538296081	0.703
god-daughter	48.8618656982	23.3098301312	0.396
inferiority	-58.3429409337	59.9574016005	0.863
intruder	8.33104262135	-13.4966324813	0.238
sneer	71.6425817373	-33.887985331	0.227
likelihood	63.4800430368	11.2726998738	0.289
tenant	25.1578398325	20.7663762698	0.284
g	20.9078811814	-22.422842351	0.284
route	23.8857594939	-53.3065706731	0.266
counterpart	39.5007694408	75.1094678567	0.546
conversation	-73.4601700708	-37.4315956947	0.981
length	-76.4381904124	-9.92574571619	0.967
serenity	18.583440341	-64.1777483311	0.395
qualification	-13.2193369804	-69.0828922937	0.476
manuscript	-26.6108504452	-82.1853192958	0.649
scene	-80.0276771876	11.8445615981	0.935
soothing	-34.8869708761	-93.2598210748	0.685
bonnet	-33.5197530187	-94.0412679072	0.658
affliction	-22.2983524759	-78.9565758075	0.622
owner	32.9030667709	80.8496056567	0.564
enormity	7.97577947511	-4.65410146549	0.234
eminence	-21.1416368183	-43.06087076	0.276
quality	32.8335752379	62.0622481579	0.526
management	16.8533972243	74.5083727272	0.653
reference	30.7974957701	-66.3295475866	0.356
unknown	-11.4381562266	-80.1520854799	0.523
traveller	-44.1654467647	-85.6398346838	0.698
inmate	9.22804968835	-73.0174140181	0.389
attack	7.83444056349	81.2242056648	0.641
acquiescence	26.4347275284	-50.8107136469	0.239
ankle	49.8122633877	-63.6577054696	0.262
explanation	-74.5312611102	31.5084470448	0.920
nobody	-80.576198314	18.9135445354	0.938
mantelpiece	13.9508617978	-61.9803388221	0.278
omen	17.0284448714	-20.1907617105	0.205
quietness	56.03805395	15.895897094	0.400
bed	29.889999917	-18.4404268021	0.249
claim	9.70397389283	-66.9965705086	0.337
lover	22.3153641509	81.5873143569	0.678
insignificance	49.1200009671	8.85004133532	0.313
devotion	16.870270089	78.1823287737	0.624
counter	61.5558961129	-14.708684977	0.285
partnership	-20.0407316397	-44.906746786	0.296
tide	35.8649345717	-14.3863597645	0.297
torment	-50.3413484865	55.3414930089	0.862
sincerity	30.1862777177	-71.0213611011	0.339
have	14.2086159199	13.9195547929	0.285
close	-31.4846961158	81.268504908	0.819
need	33.9358319755	-19.2895494885	0.272
licentiousness	38.0823865589	-17.4260408895	0.252
sagacity	19.4596761206	-48.8617972947	0.301
pianoforte	-47.9908823684	60.1619188934	0.859
gravity	-17.7620286085	-79.7259105969	0.506
patroness	15.9202822924	-32.5696479026	0.214
instance	-13.9742612309	-89.1065453632	0.462
chaise	37.8916157327	2.78714464398	0.300
manor	-0.927388835221	-0.288672060138	0.227
voyage	15.1600108763	-28.1315215306	0.245
courtesy	-12.0806623274	-77.4142127833	0.523
brother-in-law	18.6165404599	1.61546281407	0.332
device	13.3887659519	19.0449394479	0.339
awe	51.4366997983	46.7224682186	0.491
gallery	-76.8378725852	22.7947106054	0.928
volume	-46.2468771871	63.2686830908	0.815
spleen	28.4534780576	-13.5628198965	0.198
request	-27.4419671255	63.3256761235	0.807
brought	11.7127053777	86.0169982085	0.700
face	-13.0384771392	-22.764332296	0.256
neatness	38.2183565788	-2.21409094167	0.385
guinea	58.6621857806	-33.9059496304	0.233
occasion	-78.1251728981	-44.6819239951	0.986
painting	10.2770757142	6.36868526664	0.395
fact	-29.0449125227	75.5653617718	0.817
affair	-85.3123888174	19.314831004	0.942
violation	2.81472703918	-24.9947078134	0.250
precipitance	46.3951742837	45.4504037283	0.405
vacancy	11.3181404535	-32.1489977411	0.258
chicken	56.7331828484	-42.7802168324	0.252
brink	58.6528109689	-10.0904497324	0.229
principal	-40.2105661985	48.9773262371	0.834
envy	22.9458595753	-84.1680765363	0.311
pause	42.5562227532	71.194440982	0.650
knowledge	-61.6117319556	42.7232445983	0.872
rash	32.7606803562	-49.2232133086	0.328
wretchedness	-0.111096416891	36.9192341029	0.485
hope	-74.3248817593	-22.166132552	0.972
meant	42.2314181799	51.9243238236	0.552
ill-humour	-30.4651160553	-82.4457641062	0.575
commendation	44.2339044051	-25.1145032911	0.256
means	53.1832693862	-31.1433675698	0.240
beat	-15.2084398181	-67.5239933934	0.546
bear	32.0980509791	-22.3963040305	0.298
listener	17.3636658507	89.3254363255	0.589
perfection	-45.6302913326	-94.2852222383	0.788
magistrate	21.8441754485	34.6967288675	0.420
antagonist	55.5114505094	-14.5657482219	0.242
brain	-63.7119826412	46.6890898112	0.894
disapprobation	38.6673835169	2.75558853189	0.265
widow	-11.0591469051	68.4180472218	0.740
madam	15.3006930619	79.7558152503	0.702
allusion	20.6782502269	-74.5966703061	0.332
humiliation	2.33080677812	-34.657615721	0.243
frame	-1.05882009861	-81.5576432105	0.408
legacy	7.93891619163	22.6358485457	0.414
watchfulness	2.88700777509	29.326572675	0.375
philosophy	19.7457131337	73.3497188865	0.645
closet	25.3742368972	-78.8242679043	0.309
reform	68.9216414423	-21.8498699267	0.252
thoughtlessness	58.2390490328	51.9639062399	0.479
tend	54.642519848	30.5495612195	0.496
genius	73.8267778151	-1.34769301387	0.258
state	-70.0723105845	-18.5745541859	0.972
injustice	25.9806138384	-21.4057404124	0.328
progress	-32.5341377538	85.3672088059	0.774
boundary	42.1205980698	-14.0964362958	0.249
admiration	-58.6957040892	46.9252496017	0.893
ability	-13.1087742566	-49.7381283597	0.435
opening	-1.35988219581	76.6630889264	0.687
importance	23.4634074696	24.9668602169	0.288
joy	-81.6895710017	5.41007253885	0.955
sorrow	3.94546598325	85.2950874524	0.656
embarrassment	31.2330053692	15.9279017682	0.367
firmness	-33.197762742	-70.9232790628	0.628
key	1.96544951421	87.0173398463	0.714
thank	-3.73211107743	86.1290033307	0.699
instant	-31.560348711	-79.5347240373	0.684
joke	53.3768845403	-5.42450323373	0.299
doorway	48.500364082	0.999738006008	0.336
passing	32.0545007427	34.2549762316	0.414
estimation	10.3796304216	-31.02426739	0.216
vent	30.4709570714	-38.6204295846	0.220
wall	-31.2190905519	-82.4529572925	0.549
defiance	-12.9259923989	-38.4001577656	0.329
walk	-70.8334233901	-34.2914913725	0.978
laugh	-1.12492421365	-97.570401193	0.578
news	-73.5587979983	-29.9388241941	0.977
whispering	29.252352132	58.3347458808	0.569
respect	-77.6526820934	-0.32483609059	0.955
unhappiness	-15.1177085066	7.32337296797	0.333
fright	26.8228693218	63.6552961812	0.601
attraction	27.0651207736	76.6747267057	0.623
addition	-54.7626572505	48.2952916192	0.876
discrimination	-5.79051381026	-19.7375433484	0.266
steadiness	46.9297062973	1.46039084745	0.396
gaze	11.4737613971	13.8766570794	0.239
curtain	35.9060518602	36.3411424249	0.366
proposal	42.6582018108	-38.8794906164	0.262
waste	-25.616848211	64.6594322008	0.795
hyacinth	3.41611729286	-35.6731346191	0.244
general	-16.9116729495	8.20059345282	0.323
piquet	24.1884701012	-16.1697150525	0.294
ostler	-17.0411796216	12.0682120427	0.350
policy	68.4591689257	-13.3572473441	0.282
repetition	19.5363647996	14.3907159014	0.303
present	-82.9585118112	-0.879924338091	0.959
wilderness	15.5287050805	-39.3871807351	0.244
plain	-45.2474114773	-94.6755706978	0.761
appearance	-76.1779796029	-42.9524085842	0.983
value	-65.3570007227	39.1865469968	0.915
fault	-45.7817166774	46.6808257604	0.894
handwriting	-10.581836313	-88.3805228176	0.389
uncertainty	49.3459289351	-8.26346150395	0.247
encouragement	-81.4423141709	0.961959817104	0.955
tenor	20.4438876333	-45.2379719911	0.281
partner	-75.4115408906	-17.2099678291	0.973
denial	39.1472702959	2.56939000689	0.236
cross	37.7885869273	-24.2092129552	0.204
enumeration	-8.17044431995	-5.64482344621	0.245
airing	60.7096503625	-17.9658554416	0.241
member	10.1935745453	-53.1102821792	0.323
propensity	-3.53317373714	-51.666399169	0.443
speaker	-19.0619048174	-50.2446743137	0.349
party	-75.5669419038	-40.5656037772	0.983
grandeur	35.910186949	-75.6142869533	0.364
balm	11.2379828664	19.9812195302	0.287
ball	-77.6376593101	-43.399509994	0.985
slave	24.8069409173	-78.7153389912	0.372
effect	-81.9435861631	-3.26447033581	0.961
proficiency	66.1131567855	-4.16291416605	0.277
distinction	8.31377417329	46.2153241502	0.535
judgment	-64.0496771369	30.7212957758	0.911
lobby	32.5369659283	9.26666906324	0.366
poultry	-38.4482009821	-91.0721611255	0.693
correspondent	-8.03210379399	-53.2089377051	0.346
reflection	53.0350790452	-17.7407866494	0.253
acknowledgement	7.33246128468	91.675271667	0.680
colour	-45.2078624922	46.9543021639	0.871
thought	-76.9479433132	26.2475520538	0.923
command	-23.1138472418	72.3518679167	0.756
position	16.2079001684	71.2161060191	0.654
drawing	-17.201992303	-89.7663189326	0.528
insipidity	0.002786948358	-48.3194685357	0.327
negligence	38.0027680025	42.5424551355	0.385
sister-in-law	-6.67432237058	-1.34911527094	0.297
dose	38.9949211103	-23.2821892725	0.271
recollection	53.3462323249	-5.50021912366	0.228
fishing	18.1230187948	3.65406199034	0.288
laurel	7.85233304027	2.00987346978	0.248
skill	78.6222473371	26.3733340728	0.354
happiness	-91.895127265	-59.9690052048	0.992
disturbance	43.10903944	63.4632728001	0.509
clergyman	29.9318464148	50.6160787054	0.612
supply	-5.9082271402	54.860923336	0.601
simple	39.5029127637	-47.2282201555	0.279
good-will	37.2852525103	-74.1863828782	0.242
warrant	-14.3752664925	-15.7822309676	0.264
indignation	-61.5721725314	31.7497625411	0.908
match	5.3181249548	69.0994850959	0.653
fate	19.5505660043	-59.1155825903	0.357
government	-3.1084204229	-77.8256682721	0.420
loss	-78.6965551793	-12.0323508948	0.970
success	-63.6728529486	50.0185933263	0.888
housekeeper	-20.9862502642	-78.3573261718	0.651
mother-in-law	-28.0706937061	79.4904508004	0.780
page	31.3470769988	36.6154247671	0.521
amendment	73.6918527231	-3.3485140688	0.274
decease	65.41319877	29.9517018256	0.412
village	-59.8074873573	43.0600103442	0.894
library	28.6000684997	-29.9211913824	0.219
hush	32.8577077826	-14.6189633134	0.283
growth	2.06151101479	-60.066925363	0.418
convey	7.84518231954	-9.32298123707	0.252
recommendation	-9.41332843541	79.9507784039	0.689
home	-81.9466689896	-55.2769885671	0.985
liking	-38.5376531386	48.6837067866	0.859
employment	-75.245107971	38.4905432226	0.917
transport	63.2324676254	-18.242620504	0.227
helplessness	-1.21469926987	-27.0949517201	0.267
discretion	-53.2687274235	52.2750883023	0.865
conference	-43.216706324	57.1931595503	0.846
noise	-49.3851015754	-94.5360655668	0.805
lieutenant	32.948909416	25.6266879433	0.411
vivacity	13.8043969025	-52.3314462623	0.286
stay	-9.45180722979	87.5447090748	0.788
refuge	-22.910543708	-18.8328832238	0.246
stage	17.6046102451	69.9989348668	0.560
sister	-96.595845376	-64.5779676547	0.995
extension	-6.76936529467	-81.2540466196	0.358
freedom	50.6243469093	-65.4653027659	0.296
certainty	-47.4151195511	59.0694109094	0.847
complaisance	38.0916358971	-50.0486188145	0.230
foretold	36.5742657477	55.0102431237	0.520
coachman	-9.5113951411	-97.877397913	0.498
dominion	47.6741354793	-8.25825073292	0.354
tongue	31.7658144185	9.1585489685	0.321
alliance	-15.4486396341	83.5882235744	0.784
strangeness	17.78075197	9.17543419637	0.233
vulgarity	27.7374892114	47.6085499725	0.449
exuberance	37.4450266849	-56.3508132238	0.205
guard	45.5475704517	68.2466157804	0.569
weather	-83.6759065981	1.97482563603	0.954
promise	-68.7397090235	40.4089047581	0.894
esteem	14.1618201933	79.8995698159	0.719
female	-12.6307895547	-37.0744093435	0.283
ridge	1.7535091261	-59.8078396028	0.369
impatience	-4.93232948643	23.3293618428	0.448
proprietor	35.4625861687	90.0095344502	0.545
preferment	44.4946724701	-50.9277521307	0.298
intention	-1.44873983774	88.2303237882	0.684
breeding	-30.8477765711	57.5682711845	0.783
north	19.6518909823	68.4434261125	0.598
complacency	62.264102755	49.0007291615	0.521
sequel	53.4400151863	-29.2762363576	0.235
delivery	68.1418038538	12.0285276252	0.363
construction	24.2200048973	38.9986032458	0.354
plague	73.877672167	39.5910417482	0.367
ear	-46.4661608362	-91.5513973642	0.770
embargo	50.8356928368	-40.7756389345	0.282
glory	-13.3977960329	-84.5421352056	0.582
deficiency	-40.8800940968	46.5698964834	0.851
wish	-82.9648724714	-53.0931108488	0.990
godson	13.2656039153	-22.3088600404	0.266
carriage	-78.3982698085	-47.8161953644	0.986
heiress	32.8490707059	-22.1918517571	0.298
piece	-34.073032596	70.655706048	0.755
display	-39.0828039549	60.5945117991	0.816
profusion	9.42547374656	-77.0088334746	0.535
eagerness	-53.9302570402	57.6517769966	0.863
pin	83.063012923	3.79750339303	0.306
whisper	-9.45593897666	-66.7329194539	0.409
irritation	23.2616007484	82.9174606334	0.598
horsewoman	14.0220685645	32.5615021985	0.326
inn	32.7569340447	69.8717405921	0.497
goodness	36.3542296536	19.3528431977	0.296
education	-21.3417474618	78.8271224471	0.787
variety	-14.8645720203	57.106293835	0.670
oak	46.3723091351	-25.4366862746	0.256
detail	7.80263379174	-1.73479674747	0.225
book	-31.9746511627	62.9335209993	0.799
amusement	-51.5814843129	49.1507354642	0.861
branch	14.3358979873	0.379133525615	0.376
better	83.0165406792	3.82964330288	0.268
conclusion	-58.2713815477	33.7986644124	0.903
variation	23.1864460483	-6.21890692494	0.293
cruelty	15.5707729644	-5.4457373399	0.297
enlargement	40.9469094608	-25.5232422372	0.236
chance	-74.2448138495	23.1169584789	0.924
stab	32.8154259024	-48.1864049458	0.294
exposure	57.1910171558	18.3547449593	0.496
landing-place	8.29599860808	-42.5833512735	0.280
rule	13.079193788	60.3588157184	0.650
sash	56.7441797871	24.2698825156	0.276
portion	-54.2976265026	72.9647052806	0.854
confinement	80.3798077874	12.1425889845	0.231
pupil	11.0600260206	-30.098984708	0.273
awake	16.2795718904	-28.4365931301	0.249
commencement	23.1949107372	-52.3641292268	0.235
barouche-box	21.965010577	-41.7921219354	0.258
